"x","yhat","lower","upper"
0,1.92243401032054,1.4749490846938,2.505681424796
4.01527272727273,1.8067579105634,1.40204554037723,2.32829394864386
8.03054545454545,1.69805225487652,1.33094324132993,2.16641955175344
12.0458181818182,1.59638011477108,1.26185763485171,2.01958557007582
16.0610909090909,1.50236114552932,1.19550103475327,1.88798582852084
20.0763636363636,1.41644073551458,1.13263017636256,1.77136756471414
24.0916363636364,1.3388803262258,1.07399786718695,1.669091329436
28.1069090909091,1.26980681766134,1.0203270533934,1.5802867804168
32.1221818181818,1.20925905320533,0.97227944439587,1.50399914982021
36.1374545454545,1.15722572191577,0.930427218101884,1.43930803550163
40.1527272727273,1.11326436497589,0.894867257068706,1.38496244726273
44.168,1.07630540491778,0.864995943760909,1.339235557127
48.1832727272727,1.04538534735684,0.840169169325265,1.30072676357074
52.1985454545455,1.01968882466346,0.819781924118772,1.26834377357278
56.2138181818182,0.998518152575907,0.803272117603798,1.24122134849871
60.2290909090909,0.981268851266011,0.790119850203115,1.21866139449273
64.2443636363636,0.967409828434503,0.779844171006554,1.20008818549444
68.2596363636364,0.956467243242482,0.771998895524417,1.18501411426817
72.2749090909091,0.948011313674128,0.766168558514259,1.17301270179625
76.2901818181818,0.941645516569889,0.761965135455603,1.16369665436987
80.3054545454545,0.936997773625098,0.75902579578249,1.156699591314
84.3207272727273,0.933713328516751,0.757011645836532,1.15166072364241
88.336,0.931449107364461,0.755607183291118,1.14821227060223
92.3512727272727,0.929869422073346,0.754520034514902,1.14596975899113
96.3665454545454,0.928645280130145,0.753482466316638,1.14452836643128
100.381818181818,0.927574638559126,0.752350277460742,1.14360921484872
104.397090909091,0.926640335522887,0.751139139229627,1.14314681072087
108.412363636364,0.925840137058205,0.749875813203722,1.14309588907234
112.427636363636,0.925171874267047,0.748585265853826,1.14341416533028
116.442909090909,0.92463344044909,0.747290513399532,1.14406242802072
120.458181818182,0.92422278832274,0.746012542331728,1.14500455955502
124.473454545455,0.923937927330457,0.744770292662004,1.14620749776215
128.488727272727,0.923776921024364,0.743580690704396,1.14764115110206
132.504,0.923737884528316,0.74245871896218,1.14927827974812
136.519272727273,0.923818982072797,0.741417512084887,1.1510943533531
140.534545454545,0.924018424599171,0.74046846955336,1.15306739463699
144.549818181818,0.924334467429988,0.739621377505946,1.15517781619584
148.565090909091,0.924765408002182,0.73888453378045,1.15740825628318
152.580363636364,0.925309583660197,0.738264871725247,1.15974341785024
156.595636363636,0.925965369506162,0.737768079589222,1.16216991388686
160.610909090909,0.926731176304435,0.737398713328372,1.16467612108804
164.626181818182,0.92760544843789,0.73716030148122,1.16725204306675
168.641454545455,0.92858666191355,0.737055441391549,1.16988918371703
172.656727272727,0.929673322415213,0.737085886524347,1.17258043087221
176.672,0.930863963400848,0.737252624959233,1.17531995007308
180.687272727273,0.932157144242684,0.737555949381643,1.17810308803172
184.702545454545,0.933551448408011,0.737995519049355,1.18092628522642
188.717818181818,0.935045481678791,0.738570414310081,1.18378699697122
192.733090909091,0.936637870408273,0.739279184300738,1.18668362225395
196.748363636364,0.938327259813031,0.740119888483089,1.18961543961854
200.763636363636,0.940112312298706,0.741090132673443,1.19258254936862
204.778909090909,0.941991705818041,0.742187100213521,1.1955858213848
208.794181818182,0.943964132259781,0.74340757891021,1.19862684787154
212.809454545455,0.946028295867098,0.744747984348623,1.20170790037649
216.824727272727,0.948182911684347,0.746204380156962,1.20483189045485
220.84,0.950426704030929,0.747772495776376,1.20800233337979
224.855272727273,0.952758405001248,0.749447742263906,1.211223314328
228.870545454545,0.955176752989727,0.751225226632992,1.21449945649619
232.885818181818,0.957680491239984,0.753099765213692,1.2178358906292
236.901090909091,0.960268366417191,0.755065896493033,1.22123822546401
240.916363636364,0.962939127203203,0.757117893874527,1.22471251861937
244.931636363636,0.965691522913048,0.759249778773611,1.22826524748213
248.946909090909,0.968524302133086,0.761455334442282,1.23190327967094
252.962181818182,0.97143621137926,0.763728120888548,1.2356338426834
256.977454545455,0.974425993775757,0.766061491227319,1.23946449236686
260.992727272727,0.977492387753023,0.768448609761417,1.24340307989074
265.008,0.980634125765336,0.770882472052167,1.24745771694037
269.023272727273,0.983849933026857,0.773355927187386,1.25163673890407
273.038545454545,0.987138526266661,0.775861702401506,1.25594866588175
277.053818181818,0.990498612502199,0.778392430135997,1.26040216141024
281.069090909091,0.993928887830729,0.780940677558908,1.26500598887028
285.084363636364,0.997428036239455,0.783498978484353,1.26976896562267
289.099636363636,1.00099472843347,0.786059867548882,1.27469991500269
293.114909090909,1.00462762068211,0.788615916417039,1.27980761639062
297.130181818182,1.00832535368343,0.791159771700734,1.28510075366345
301.145454545455,1.01208655144758,0.793684194194233,1.29058786241922
305.160727272727,1.01590982019814,0.796182098945813,1.2962772764441
309.176,1.01979374729286,0.798646595622803,1.30217707396174
313.191272727273,1.02373690016338,0.801071028567524,1.308295024263
317.206545454545,1.02773782527469,0.803449015906943,1.31463853535006
321.221818181818,1.03179504710415,0.805774487057719,1.32121460325212
325.237090909091,1.03590706714117,0.808041717973311,1.3280297636668
329.252363636364,1.04007236290781,0.810245363506517,1.33509004655468
333.267636363636,1.04428938700086,0.812380486307143,1.34240093427147
337.282909090909,1.04855656615561,0.81444258174746,1.34996732374803
341.298181818182,1.05287230033265,0.816427598455959,1.35779349314532
345.313454545455,1.05723496182816,0.818331954143196,1.36588307330867
349.328727272727,1.06164289440795,0.820152546518277,1.37423902422984
353.344,1.06609441246655,0.821886759214813,1.38286361661089
357.359272727273,1.0705878002122,0.823532462763385,1.39175841850512
361.374545454545,1.07512131087836,0.825088010762525,1.40092428689706
365.389818181818,1.07969316596257,0.826552231505936,1.4103613639786
369.405090909091,1.08430155449373,0.827924415410979,1.42006907779606
373.420363636364,1.08894463232952,0.829204298673401,1.43004614686197
377.435636363636,1.09362052148316,0.830392043622752,1.44029058827597
381.450909090909,1.09832730948254,0.83148821629529,1.4507997288644
385.466181818182,1.103063048762,0.83249376175465,1.46157021883213
389.481454545454,1.10782575608721,0.833409977695052,1.47259804741535
393.496727272727,1.11261341201574,0.834238486843295,1.48387856005239
397.512,1.11742396039305,0.834981208649957,1.49540647660725
0,1.40838454759027,1.09468274884052,1.8119834591273
0.24589898989899,1.3158797046656,1.03795300192815,1.66822524134932
0.49179797979798,1.23451497833037,0.982474853936518,1.55121245659943
0.737696969696969,1.16645286685442,0.93182702351743,1.46015543255754
0.983595959595959,1.10998522398969,0.887153441494413,1.38878703485614
1.22949494949495,1.06319017677964,0.848715481317176,1.3318637127326
1.47539393939394,1.02450256933393,0.816361855449877,1.28571111886825
1.72129292929293,0.992631541069151,0.789658677689361,1.24777629140793
1.96719191919192,0.966497190524854,0.768014434768429,1.21627508156678
2.21309090909091,0.945181495888437,0.750768569909095,1.18993801282608
2.4589898989899,0.927890009874505,0.737244391769986,1.16783508974257
2.70488888888889,0.913921815539853,0.726777159158497,1.14925610194845
2.95078787878788,0.902645933867179,0.718728003437104,1.13362729437361
3.19668686868687,0.893482890412224,0.712491244532946,1.12045120776564
3.44258585858586,0.885890529336029,0.707499477513291,1.10926163892824
3.68848484848485,0.879353444182663,0.703228251619296,1.09958961121848
3.93438383838384,0.873375604618843,0.699200307706439,1.09093908903654
4.18028282828283,0.867563945346914,0.69506629005266,1.08287110170295
4.42618181818182,0.861846259850341,0.690786094738842,1.07526625286057
4.67208080808081,0.856220527370577,0.686384049765894,1.06808075120742
4.9179797979798,0.850684771105438,0.681883545784706,1.06127297580986
5.16387878787878,0.845237056999866,0.677306799634508,1.05480364719698
5.40977777777777,0.839875492573193,0.672674674127868,1.04863594565919
5.65567676767676,0.834598225781621,0.66800655190164,1.04273557870791
5.90157575757575,0.829403443914901,0.663320258760222,1.0370708020642
6.14747474747474,0.824289372526102,0.658632030394702,1.03161240010191
6.39337373737373,0.819254274393365,0.653956515583377,1.02633363246341
6.63927272727272,0.8142964485127,0.649306808824455,1.02121015373437
6.88517171717171,0.809414229120879,0.644694505659402,1.01621991276822
7.1310707070707,0.804605984747343,0.640129774557816,1.01134303764958
7.37696969696969,0.799870117294434,0.635621440021486,1.00656171151021
7.62286868686868,0.795205061144848,0.63117707241619,1.00186004356859
7.86876767676767,0.790609282295635,0.626803080882468,0.997223938931508
8.11466666666666,0.786081277517946,0.622504806460162,0.99264096991963
8.36056565656565,0.78161957354153,0.618286613255852,0.988100250992231
8.60646464646464,0.777222726263454,0.614151976077755,0.983592318758438
8.85236363636363,0.772889319980243,0.610103563457656,0.979109018072441
9.09826262626262,0.768617966642731,0.606143315376654,0.974643394819758
9.34416161616161,0.764407305132774,0.602272515326513,0.970189595690866
9.5900606060606,0.760256000561597,0.598491856578829,0.965742775004302
9.83595959595959,0.756162743588654,0.594801502711117,0.96129900846808
10.0818585858586,0.752126249760677,0.591201142571267,0.956855213639692
10.3277575757576,0.748145258870228,0.587690039948,0.952409076763536
10.5736565656566,0.744218534333282,0.584267078273154,0.947958985610071
10.8195555555555,0.740344862585117,0.580930800716873,0.943503967907715
11.0654545454545,0.73652305249408,0.57767944605511,0.939043634942564
11.3113535353535,0.732751934792779,0.574510980683262,0.934578129914941
11.5572525252525,0.729030361525977,0.571423127158512,0.930108080625976
11.8031515151515,0.725357205515181,0.568413389631355,0.925634556100135
12.0490505050505,0.721731359838705,0.565479076510427,0.921159026765549
12.2949494949495,0.718151737327434,0.562617320699545,0.916683327817121
12.5408484848485,0.714617270075805,0.559825097710383,0.912209625433382
12.7867474747475,0.711126908966953,0.557099241946961,0.907740385518311
13.0326464646465,0.707679623212288,0.554436461440355,0.903278344661615
13.2785454545454,0.704274399905181,0.551833351285108,0.898826483043682
13.5244444444444,0.700910243587421,0.549286406018853,0.894387999015793
13.7703434343434,0.697586175829191,0.546792031174713,0.889966285102108
14.0162424242424,0.694301234821986,0.544346554205841,0.885564905207518
14.2621414141414,0.691054474983131,0.541946234990819,0.881187572789948
14.5080404040404,0.687844966573034,0.539587276085604,0.876838129824242
14.7539393939394,0.684671795323856,0.53726583289669,0.87252052635577
14.9998383838384,0.681534062079616,0.534978023927892,0.868238800473324
15.2457373737374,0.678430882447505,0.532719941234915,0.863997058551136
15.4916363636364,0.675361386459828,0.530487661205923,0.859799455625582
15.7375353535353,0.672324718246615,0.528277255775305,0.855650175781277
15.9834343434343,0.669320035718463,0.526084804152813,0.85155341244952
16.2293333333333,0.666346510259494,0.523906405130679,0.847513348542195
16.4752323232323,0.663403326429616,0.521738190005015,0.84353413637144
16.7211313131313,0.660489681676911,0.519576336135978,0.839619877313846
16.9670303030303,0.657604786058929,0.517417081128585,0.835774601225702
17.2129292929293,0.654747861972749,0.515256737588417,0.832002245646176
17.4588282828283,0.651918143894483,0.513091708396534,0.828306634825556
17.7047272727273,0.649114878126763,0.51091850239053,0.824691458684845
17.9506262626263,0.646337322555019,0.508733750328421,0.821160251817191
18.1965252525252,0.643584746411141,0.50653422097023,0.817716372685974
18.4424242424242,0.64085643004666,0.504316837095584,0.814362983194053
18.6883232323232,0.638151664711646,0.502078691251226,0.811103028808834
18.9342222222222,0.635469752343476,0.499817060980252,0.807939219504621
19.1801212121212,0.632810005360312,0.497529423313849,0.804874011705452
19.4260202020202,0.630171746464633,0.495213468254218,0.801909591518674
19.6719191919192,0.627554308451096,0.492867111031916,0.799047859434123
19.9178181818182,0.624957034023805,0.490488502849171,0.796290416813166
20.1637171717172,0.622379275618484,0.488076039926146,0.79363855430806
20.4096161616161,0.619820395231609,0.485628370658373,0.791093242398983
20.6555151515151,0.617279764256908,0.483144400666543,0.788655124296984
20.9014141414141,0.614756763326648,0.480623295697735,0.7863245111896
21.1473131313131,0.612250782159545,0.478064482222105,0.784101380032708
21.3932121212121,0.609761219415463,0.475467645736206,0.781985373846688
21.6391111111111,0.607287482555003,0.47283272680299,0.779975804470184
21.8850101010101,0.604828987704632,0.470159914838407,0.778071657796563
22.1309090909091,0.602385159528611,0.467449639842479,0.776271601241558
22.3768080808081,0.599955431104464,0.464702562157281,0.774573993396483
22.6227070707071,0.597539243805572,0.461919560510018,0.772976895573555
22.868606060606,0.595136047187245,0.459101718514695,0.771478085090902
23.114505050505,0.592745298879803,0.456250309901524,0.770075070020098
23.360404040404,0.590366464484494,0.453366782773286,0.768765105056695
23.606303030303,0.587999017476145,0.45045274304693,0.767545208436861
23.852202020202,0.585642439108352,0.447509937495006,0.766412179368884
24.098101010101,0.583296218325783,0.444540236497288,0.765362615978263
24.344,0.580959851678188,0.441545616842177,0.764392933341202
0,1.07004072265396,0.850096196725666,1.34689127247949
0.340010101010101,1.01162310170153,0.820142621305623,1.24780894604289
0.680020202020202,0.967075048915697,0.770500430071149,1.21380094511944
1.0200303030303,0.933353283326761,0.728732052310952,1.19543026649406
1.3600404040404,0.90768058877364,0.700876307950161,1.17550563757257
1.70005050505051,0.887723689422366,0.684434829204584,1.15139282096075
2.04006060606061,0.87143903567033,0.675023386713257,1.12500693729686
2.38007070707071,0.856981867544886,0.668235871900347,1.09903995308148
2.72008080808081,0.843224234584615,0.661469996998813,1.07491966833998
3.06009090909091,0.830049312102463,0.654529283541925,1.05263718193541
3.40010101010101,0.817432676588636,0.647430681018994,1.0320737035557
3.74011111111111,0.805351181944408,0.640194903111512,1.01311416743079
4.08012121212121,0.793782885035817,0.632846035409326,0.995647018896532
4.42013131313131,0.782706975983601,0.625410959956495,0.979564237722999
4.76014141414141,0.772103712859734,0.617918636198182,0.96476155352691
5.10015151515152,0.761954360485453,0.610399293160743,0.951138793848352
5.44016161616162,0.752241133048207,0.602883594828446,0.938600298803405
5.78017171717172,0.742947140275732,0.595401838873225,0.927055338439114
6.12018181818182,0.734056336924534,0.58798323931759,0.916418478874396
6.46019191919192,0.725553475357789,0.580655329111477,0.906609858225721
6.80020202020202,0.717424061003927,0.573443502103203,0.897555350125382
7.14021212121212,0.709654310502178,0.566370698456374,0.889186608323652
7.48022222222222,0.702231112355129,0.559457225112422,0.88144099856862
7.82023232323232,0.695141989921379,0.552720694426686,0.874261432626619
8.16024242424242,0.688375066593137,0.546176059508392,0.86759612410259
8.50025252525253,0.68191903301405,0.539835723496385,0.861398287195662
8.84026262626263,0.675763116203896,0.533709701137384,0.855625798535093
9.18027272727273,0.669897050464615,0.527805813594401,0.85024083983669
9.52028282828283,0.664311049951859,0.522129900830589,0.845209535761348
9.86029292929293,0.658995782804015,0.516686039058905,0.840501598503549
10.200303030303,0.653942346727853,0.51147675447324,0.836089986698124
10.5403131313131,0.649142245947109,0.506503226584928,0.831950584627915
10.8803232323232,0.644587369426562,0.501765477457377,0.828061904397459
11.2203333333333,0.6402699702901,0.497262544327191,0.824404812974508
11.5603434343434,0.63618264635672,0.49299263471149,0.820962284278944
11.9003535353535,0.632318321723714,0.488953264101506,0.817719175517132
12.2403636363636,0.628670229330339,0.48514137666856,0.814662026892569
12.5803737373737,0.625231894441444,0.481553450228661,0.811778882782824
12.9203838383838,0.621997118991684,0.478185586515785,0.809059132988284
13.2603939393939,0.618959966737592,0.475033588307152,0.806493371950964
13.600404040404,0.616114749167013,0.472093024713932,0.804073274268669
13.9404141414141,0.613456012118363,0.469359285652895,0.801791485345131
14.2804242424242,0.610978523066127,0.466827627520019,0.79964152428416
14.6204343434343,0.608677259031671,0.464493210358928,0.79761769903164
14.9604444444444,0.606547395079912,0.462351128046841,0.795715031630581
15.3004545454545,0.60458429336733,0.460396432511747,0.793929192266596
15.6404646464646,0.602783492706139,0.458624152282568,0.792256441948451
15.9804747474747,0.601140698614833,0.457029307172702,0.790693581045503
16.3204848484848,0.599651773823212,0.455606918142414,0.789237905595029
16.660494949495,0.598312729206714,0.454352014649454,0.787887167633619
17.0005050505051,0.597119715123771,0.45325963892941,0.786639540709297
17.3405151515152,0.596069013130231,0.452324847465425,0.785493590292332
17.6805252525253,0.595157028050558,0.451542711285069,0.784448246390475
18.0205353535354,0.594380280383511,0.450908314047871,0.783502780282011
18.3605454545455,0.593735399022086,0.450416748657746,0.782656784194728
18.7005555555556,0.593219114271258,0.450063113685536,0.781910151789641
19.0405656565657,0.592828251143594,0.449842507799994,0.781263062649984
19.3805757575758,0.592559722918687,0.449750024416739,0.780715967010411
19.7205858585859,0.592410524949655,0.449780746076012,0.780269571636613
20.060595959596,0.592377728705792,0.449929737574707,0.779924828614751
20.4006060606061,0.592458476033472,0.450192040651148,0.77968292223962
20.7406161616162,0.592649973627036,0.450562667602473,0.779545258618755
21.0806262626263,0.592949487697931,0.451036595354356,0.77951345541045
21.4206363636364,0.593354338829036,0.451608761066256,0.779589329879252
21.7606464646465,0.593861897005986,0.452274057436498,0.779774888514506
22.1006565656566,0.594469576822602,0.453027328925975,0.78007231617894
22.4406666666667,0.595174832833466,0.453863369195383,0.780483964295983
22.7806767676768,0.595975155074596,0.454776920115553,0.781012337600465
23.1206868686869,0.596868064715667,0.455762671306641,0.781660081234992
23.460696969697,0.597851109859552,0.456815261067306,0.782429966821172
23.8007070707071,0.598921861471381,0.457929279870568,0.783324875512943
24.1407171717172,0.600077909433049,0.45909927503024,0.784347780479112
24.4807272727273,0.6013168587313,0.460319755442645,0.785501730741014
24.8207373737374,0.602636325745702,0.461585201540051,0.786789827526064
25.1607474747475,0.60403393467443,0.462890073757735,0.78821520469508
25.5007575757576,0.605507314047539,0.464228824820679,0.789781004026816
25.8407676767677,0.607054093373413,0.465595912453433,0.791490351235147
26.1807777777778,0.608671899868386,0.466985816227387,0.79334632619547
26.5207878787879,0.610358355311513,0.46839305193695,0.79535193862936
26.860797979798,0.612111072983049,0.469812191536368,0.797510095349357
27.2008080808081,0.613927654724661,0.471237880934053,0.799823572096208
27.5408181818182,0.615805688077373,0.472664861108243,0.802294980378504
27.8808282828283,0.617742743542331,0.47408798851943,0.804926736049476
28.2208383838384,0.619736371926737,0.47550225468973,0.80772102950285
28.5608484848485,0.62178410179432,0.476902810137381,0.810679788472618
28.9008585858586,0.623883437020536,0.478284980544217,0.813804653756158
29.2408686868687,0.62603185444015,0.479644289719268,0.81709694282644
29.5808787878788,0.628226801614307,0.480976474516762,0.820557626364296
29.9208888888889,0.630465694677427,0.482277503615402,0.824187297116955
30.260898989899,0.63274591631917,0.483543590920169,0.827986146722983
30.6009090909091,0.635064813845846,0.484771207660584,0.831953943245402
30.9409191919192,0.637419697378172,0.485957092659743,0.836090010296784
31.2809292929293,0.639807838137145,0.487098257213837,0.840393213646872
31.6209393939394,0.642226466870607,0.488191994280678,0.844861938706781
31.9609494949495,0.64467277236931,0.489235873411161,0.849494090726773
32.3009595959596,0.647143900138156,0.490227745964759,0.854287075615933
32.6409696969697,0.649636951159359,0.491165736791609,0.859237802433856
32.9809797979798,0.652148980800875,0.492048240823664,0.864342675928872
33.3209898989899,0.65467699786619,0.49287391151835,0.869597601980461
33.661,0.65721796374702,0.493641654816826,0.874997982153789
0,1.45376694682883,1.12145503521851,1.88455022209627
3.29152525252525,1.28618453236986,1.02402412009099,1.61546063110359
6.5830505050505,1.15293349679085,0.930337448133036,1.42878871606197
9.87457575757576,1.06131775784017,0.856615995447097,1.3149362013944
13.166101010101,1.00419709838365,0.80801568582538,1.24801019348041
16.4576262626263,0.970683759835048,0.779829037028519,1.20824811191667
19.7491515151515,0.952668732304442,0.765925151021558,1.1849430878462
23.0406767676768,0.94347735621601,0.760126519620779,1.1710544214882
26.332202020202,0.937243083483466,0.756732253942782,1.16081294666742
29.6237272727273,0.931360058173013,0.753246181969047,1.15159104516468
32.9152525252525,0.925747464537849,0.749621009771804,1.14325553436548
36.2067777777778,0.920398269518771,0.745880970819247,1.1357482060478
39.498303030303,0.915305724115694,0.742050884198827,1.12901229071843
42.7898282828283,0.910463350705135,0.738155667093183,1.12299281835979
46.0813535353535,0.905864930948221,0.734219885036232,1.11763695024595
49.3728787878788,0.901504494257066,0.730267357782112,1.11289426332017
52.664404040404,0.89737630678919,0.726320832088804,1.10871697521151
55.9559292929293,0.893474860941327,0.7224017263621,1.10506010437464
59.2474545454545,0.889794865315678,0.718529946610915,1.10188156537736
62.5389797979798,0.886331235132987,0.714723768927434,1.09914220363941
65.830505050505,0.883079083068411,0.71099978084625,1.09680577682425
69.1220303030303,0.880033710487523,0.707372872368811,1.09483889168802
72.4135555555555,0.877190599060647,0.703856266943702,1.09321090571738
75.7050808080808,0.874545402735511,0.700461583001698,1.09189380260982
78.996606060606,0.87209394004889,0.6971989174825,1.09086204983829
82.2881313131313,0.869832186758813,0.694076943928005,1.09009244542793
85.5796565656565,0.867756268780713,0.691103018966463,1.08956395984832
88.8711818181818,0.865862455410566,0.688283292247896,1.08925757770623
92.162707070707,0.864147152820157,0.685622816030126,1.08915614280604
95.4542323232323,0.862606897809637,0.683125651608361,1.08924420916835
98.7457575757575,0.861238351803675,0.680794970619981,1.08950789977493
102.037282828283,0.860038295078096,0.678633149937709,1.08993477413936
105.328808080808,0.859003621204634,0.676641859393043,1.09051370529244
108.620333333333,0.858131331702212,0.674822141991738,1.09123476635719
111.911858585859,0.857418530883369,0.673174486573092,1.09208912661661
115.203383838384,0.856862420885647,0.671698893092497,1.09306895675486
118.494909090909,0.856460296877841,0.67039493084369,1.0941673428302
121.786434343434,0.856209542431555,0.669261790043392,1.09537820843369
125.07795959596,0.856107625049112,0.668298327238323,1.09669624446907
128.369484848485,0.856152091839909,0.667503105039512,1.09811684594106
131.66101010101,0.856340565336355,0.666874426675103,1.09963605516673
134.952535353535,0.856670739442109,0.666410365849676,1.10125051083289
138.244060606061,0.857140375505918,0.666108792375771,1.10295740235173
141.535585858586,0.857747298513431,0.665967394020195,1.10475442899053
144.827111111111,0.858489393390771,0.665983694972496,1.10663976329764
148.118636363636,0.859364601414279,0.666155071310007,1.1086120183873
151.410161616162,0.86037091671997,0.666478763823988,1.11067021864338
154.701686868687,0.861506382907733,0.666951888507659,1.11281377349641
157.993212121212,0.862769089734256,0.667571445012274,1.11504245390123
161.284737373737,0.864157169891131,0.668334323340788,1.11735637119668
164.576262626263,0.865668795862698,0.669237309013578,1.11975595806953
167.867787878788,0.867302176858725,0.670277086942107,1.12224195133326
171.159313131313,0.86905555581886,0.671450244222572,1.12481537626677
174.450838383838,0.87092720648532,0.672753272019117,1.12747753232001
177.742363636364,0.872915430538155,0.674182566757231,1.13022997989504
181.033888888889,0.875018554792577,0.675734430744149,1.13307452809251
184.325414141414,0.877234928451414,0.677405072424701,1.13601322313791
187.616939393939,0.879562920414704,0.679190606381782,1.1390483373876
190.908464646465,0.88200091663845,0.681087053247948,1.14218235868868
194.19998989899,0.88454731754465,0.683090339660968,1.1454179799465
197.491515151515,0.887200535474386,0.685196298362531,1.14875808877995
200.78304040404,0.889958992190369,0.687400668627599,1.15220575703219
204.074565656566,0.892821116417057,0.689699097063901,1.15576423010214
207.366090909091,0.89578534142444,0.692087138960577,1.15943691587167
210.657616161616,0.898850102649642,0.694560260242245,1.16322737317491
213.949141414141,0.902013835353925,0.697113840166885,1.16713929962303
217.240666666667,0.905274972321554,0.699743174814909,1.17117651876857
220.532191919192,0.908631941584777,0.702443481488841,1.17534296640951
223.823717171717,0.912083164191202,0.705209904051226,1.17964267606288
227.115242424242,0.915627051997349,0.708037519302053,1.1840797634224
230.406767676768,0.919262005496584,0.710921344397276,1.18865840983581
233.698292929293,0.922986411682989,0.713856345337478,1.19338284476368
236.989818181818,0.926798641936779,0.716837446558033,1.19825732712517
240.281343434343,0.930697049949887,0.719859541574986,1.20328612563816
243.572868686869,0.93467996967542,0.722917504670414,1.20847349810784
246.864393939394,0.938745713312318,0.726006203562947,1.21382366973927
250.155919191919,0.942892569317435,0.729120512957966,1.2193408105709
253.447444444444,0.947118800448659,0.732255328900938,1.22502901209294
256.73896969697,0.951422641842849,0.73540558382835,1.23089226314946
260.030494949495,0.955802299120723,0.738566262080684,1.23693442539711
263.32202020202,0.960255946526305,0.74173241586457,1.24315920824942
266.613545454545,0.964781725101139,0.744899181306144,1.24957014378377
269.905070707071,0.969377740887393,0.748061794584346,1.25617056148427
273.196595959596,0.974042063173068,0.751215607789967,1.26296356331259
276.488121212121,0.978772722768049,0.754356104417327,1.26995199909563
279.779646464646,0.983567710316625,0.757478914169295,1.27713844264353
283.071171717172,0.988424974655878,0.760579827041357,1.28452516854664
286.362696969697,0.993342421204278,0.763654806327058,1.29211413008692
289.654222222222,0.99831791040191,0.766700000413126,1.2999069384273
292.945747474747,1.00334925618675,0.769711753371946,1.30790484292375
296.237272727273,1.0084342245209,0.772686613913972,1.31610871325162
299.528797979798,1.01357053196061,0.775621342890729,1.32451902294243
302.820323232323,1.01875584427931,0.778512919111905,1.33313583471061
306.111848484848,1.02398777513899,0.781358543432844,1.3419587876103
309.403373737374,1.02926388481768,0.784155641179704,1.35098708592622
312.694898989899,1.03458167899061,0.786901862822571,1.36021948996754
315.986424242424,1.03993860757068,0.789595083069543,1.36965430852459
319.277949494949,1.04533206361334,0.792233398268473,1.37928939326011
322.569474747475,1.05075938227669,0.794815122403158,1.38912213459679
325.861,1.05621783985847,0.797338781625244,1.39914945935696
0,0.933591023866634,0.736333922073713,1.18369149337805
0.0175252525252525,0.935961400230586,0.741309010977212,1.18172547446415
0.0350505050505051,0.938338350442428,0.745812075283761,1.18056396388597
0.0525757575757576,0.940723066271377,0.749811070931186,1.18024382637615
0.0701010101010101,0.943116789023272,0.753290911310988,1.18077792308629
0.0876262626262626,0.945520772475613,0.756255274459926,1.18215311862959
0.105151515151515,0.947936283002672,0.758726829946843,1.18433032966012
0.122676767676768,0.950364599717409,0.760746240891318,1.18724592229048
0.14020202020202,0.952807014630517,0.762370072260608,1.19081433041719
0.157727272727273,0.955264832826867,0.763667881825031,1.19493162217973
0.175252525252525,0.957739372659675,0.764718845529922,1.19947966668314
0.192777777777778,0.960231965962688,0.765608264974441,1.2043305573345
0.21030303030303,0.962743958280719,0.76642423614729,1.2093510166971
0.227828282828283,0.965276709118843,0.767254654235549,1.21440661196856
0.245353535353535,0.967831592210607,0.768184618234192,1.21936572100869
0.262878787878788,0.970409995805579,0.769294201441898,1.22410328609568
0.28040404040404,0.973012293647947,0.770650745155052,1.22851100779713
0.297929292929293,0.975632909464978,0.772278583809033,1.23253395081388
0.315454545454545,0.978264070347296,0.7741778210401,1.23615087557887
0.332979797979798,0.98089791633652,0.776337669511086,1.23935854211385
0.350505050505051,0.983526502573784,0.778738351134047,1.24216866917668
0.368030303030303,0.986141799405969,0.781352653998092,1.24460529257768
0.385555555555556,0.988735693142256,0.784147246964443,1.24670242059503
0.403080808080808,0.99129998747288,0.787083830828887,1.24850190878507
0.420606060606061,0.993826405561693,0.790120194787559,1.25005148698577
0.438131313131313,0.996306592823755,0.793211235449683,1.25140288304331
0.455656565656566,0.998732120398617,0.79630998307039,1.25261000053009
0.473181818181818,1.00109448932922,0.799368665807239,1.25372712170708
0.490707070707071,1.00338513545549,0.802339827382912,1.25480712248445
0.508232323232323,1.00559543503052,0.8051774966225,1.25589970310401
0.525757575757576,1.00771671106637,0.807838389554502,1.25704965608583
0.543282828282828,1.00974024041447,0.810283107453822,1.2582952103199
0.560808080808081,1.01165726158489,0.812477279353112,1.25966650505268
0.578333333333333,1.01345898330624,0.814392587514737,1.26118425755628
0.595858585858586,1.01513659382646,0.816007611344402,1.26285869126612
0.613383838383838,1.01668127095274,0.817308430637638,1.26468878572519
0.630909090909091,1.01808419282617,0.818288942889067,1.26666189576392
0.648434343434343,1.01933654942479,0.818950869997211,1.26875376662922
0.665959595959596,1.0204295547857,0.81930345391691,1.27092894739065
0.683484848484849,1.02135445993449,0.819362864673595,1.27314158085945
0.701010101010101,1.02210256650714,0.819151363789833,1.27533652831533
0.718535353535354,1.02266546238473,0.818696263722693,1.27745135075981
0.736060606060606,1.02304023230901,0.818027627480396,1.27943272545272
0.753585858585859,1.02322966417545,0.817173904222289,1.28124373556083
0.771111111111111,1.02323690867462,0.816160642907936,1.28285256140695
0.788636363636364,1.02306521506819,0.815010588473915,1.28423170089405
0.806161616161616,1.02271792545232,0.813743830717811,1.28535776931034
0.823686868686869,1.02219846904506,0.812377973772609,1.28621127584945
0.841212121212121,1.021510356508,0.810928315236217,1.28677638805735
0.858737373737374,1.020657174312,0.809408026863342,1.28704069258069
0.876262626262626,1.01964257915634,0.807828331087485,1.2869949582345
0.893787878787879,1.01847029245013,0.806198669529764,1.28663290552001
0.911313131313131,1.01714409486469,0.804526861115836,1.2859509852576
0.928838383838384,1.01566782096469,0.802819248525445,1.28494816789445
0.946363636363637,1.01404535392571,0.801080832507393,1.28362574423328
0.963888888888889,1.01228062034537,0.799315394167833,1.28198713774758
0.981414141414142,1.01037758515465,0.797525605735728,1.28003772824469
0.998939393939394,1.0083402466356,0.795713130570974,1.27778468636751
1.01646464646465,1.00617263155121,0.793878713344221,1.27523681825152
1.0339898989899,1.0038787903927,0.792022261410956,1.27240441954877
1.05151515151515,1.00146279274914,0.790142918447324,1.26929913797332
1.0690404040404,0.998928722803792,0.788239131427412,1.26593384349671
1.08656565656566,0.996280674961161,0.786308712012504,1.26232250531809
1.10409090909091,0.993522749608342,0.784348893399977,1.25848007474138
1.12161616161616,0.9906590490138,0.782356383648001,1.25442237310929
1.13914141414141,0.987693673366348,0.780327416454662,1.25016598396628
1.15666666666667,0.984630716956688,0.778257800327477,1.24572814865035
1.17419191919192,0.981474264503497,0.776142967031211,1.24112666454651
1.19171717171717,0.978228387625661,0.773978020146472,1.23637978527556
1.20924242424242,0.97489714146194,0.771757784506868,1.23150612214162
1.22676767676768,0.971484561438951,0.769476857205233,1.22652454622493
1.24429292929293,0.967994660188094,0.767129660766402,1.2214540905856
1.26181818181818,0.964431424611657,0.764710498972163,1.21631385214227
1.27934343434343,0.9607988130981,0.762213615690627,1.21112289291012
1.29686868686869,0.957100752886193,0.759633256905156,1.20590014042749
1.31439393939394,0.953341137577421,0.756963735957003,1.20066428736956
1.33191919191919,0.949523824795818,0.754199501812006,1.19543369054043
1.34944444444444,0.945652633994137,0.751335209938625,1.19022626964747
1.3669696969697,0.941731344405047,0.748365795148541,1.18505940648838
1.38449494949495,0.937763693135827,0.745286545511011,1.17994984541252
1.4020202020202,0.933753373404829,0.742093176219586,1.17491359614241
1.41954545454545,0.929704032917803,0.738781902079016,1.16996584024493
1.43707070707071,0.925619272381993,0.735349507106248,1.16512084270858
1.45459595959596,0.921502644155779,0.731793409618297,1.16039187019874
1.47212121212121,0.91735765103148,0.728111721125523,1.1557911176119
1.48964646464646,0.913187745148805,0.724303297373693,1.15132964452006
1.50717171717172,0.908996327036333,0.72036777998846,1.14701732298297
1.52469696969697,0.904786744778312,0.716305627373247,1.14286279800503
1.54222222222222,0.900562293303925,0.712118133790067,1.13887346163258
1.55974747474747,0.896326213796181,0.707807435900201,1.13505544133825
1.57727272727273,0.892081693217433,0.703376506439573,1.13141360293934
1.59479797979798,0.887831863948545,0.698829135127388,1.12795156787311
1.61232323232323,0.88357980353864,0.694169897332033,1.12467174422569
1.62984848484849,0.879328534562356,0.689404111416762,1.1215753705132
1.64737373737374,0.875081024581512,0.684537786037724,1.11866257086417
1.66489898989899,0.870840186208068,0.679577558946692,1.11593241997326
1.68242424242424,0.866608877265275,0.674530629049184,1.11338301599974
1.6999494949495,0.862389901043905,0.669404683577706,1.11101155947646
1.71747474747475,0.858186006650497,0.66420782226167,1.10881443627531
1.735,0.853999889444535,0.658948480315576,1.10678730273724
0,0.998862762861777,0.801643861176835,1.24460108453543
0.0141262626262626,1.00046498715178,0.804653460507098,1.24392703150226
0.0282525252525252,1.00201395551591,0.80695677404761,1.24422025979474
0.0423787878787878,1.00347074397984,0.808530265274156,1.24541229595409
0.0565050505050505,1.00483162289365,0.809410837466893,1.24743398979802
0.0706313131313131,1.00609721886481,0.80964734654883,1.25021297003219
0.0847575757575757,1.00726819093773,0.809293253822211,1.25367313230793
0.0988838383838383,1.00834522980215,0.808404603097092,1.25773665633449
0.113010101010101,1.00932905699228,0.807038171601542,1.26232584918164
0.127136363636364,1.01022042407764,0.805249899457387,1.267364709901
0.141262626262626,1.01102011184659,0.803093649403449,1.27278016370515
0.155388888888889,1.01172892948323,0.800620303026123,1.27850295937334
0.169515151515151,1.01234771373883,0.797877167124379,1.28446825619272
0.183641414141414,1.0128773280985,0.794907644735353,1.29061594585308
0.197767676767677,1.01331866194395,0.791751117711343,1.29689076235474
0.211893939393939,1.01367262971327,0.78844298831822,1.30324223241756
0.226020202020202,1.01394017005853,0.785014832861781,1.30962451334894
0.240146464646464,1.01412224500198,0.781494628205188,1.31599615747815
0.254272727272727,1.01421983909168,0.777907020387535,1.322319833924
0.26839898989899,1.01423395855737,0.774273612298882,1.32856203072289
0.282525252525252,1.01416563046719,0.770613253980052,1.33469275373705
0.296651515151515,1.01401590188625,0.766942324437673,1.3406852334458
0.310777777777778,1.01378583903755,0.763274997954378,1.34651564663789
0.32490404040404,1.01347652646603,0.759623490894033,1.35216285700798
0.339030303030303,1.01308906620646,0.755998287149997,1.3576081765162
0.353156565656565,1.01262457695584,0.752408341853893,1.36283514790445
0.367282828282828,1.01208419325087,0.748861263921912,1.36782934780704
0.381409090909091,1.01146906465123,0.745363478604103,1.3725782093086
0.395535353535353,1.01078035492921,0.741920371527985,1.37707086247904
0.409661616161616,1.01001924126621,0.738536415873565,1.3812979912728
0.423787878787878,1.00918691345687,0.735215284343038,1.38525170515552
0.437914141414141,1.00828457312112,0.731959947538874,1.38892542387375
0.452040404040404,1.00731343292486,0.728772760269238,1.39231377387926
0.466166666666666,1.00627471580968,0.725655537180865,1.39541249504099
0.480292929292929,1.0051696542321,0.722609618990758,1.39821835640691
0.494419191919192,1.00399948941281,0.719635930458487,1.40072907990984
0.508545454545454,1.00276547059632,0.716735031116115,1.40294327103618
0.522671717171717,1.0014688543215,0.713907159656112,1.40486035559459
0.536797979797979,1.00011090370322,0.711152272770701,1.40648052182851
0.550924242424242,0.99869288772572,0.7084700791395,1.40780466721383
0.565050505050505,0.997216080547846,0.705860069176013,1.40883434936909
0.579176767676767,0.995681760820557,0.703321541066999,1.40957174058214
0.59330303030303,0.994091211017043,0.700853623571297,1.41001958552448
0.607429292929292,0.992445716775682,0.698455295985553,1.410181161783
0.621555555555555,0.990746566256151,0.696125405632551,1.41006024289031
0.635681818181818,0.988995049508898,0.693862683182768,1.40966106357887
0.64980808080808,0.987192457858241,0.691665756080551,1.4089882870227
0.663934343434343,0.985340083299279,0.689533160312192,1.40804697386366
0.678060606060606,0.983439217908814,0.687463350723592,1.40684255284754
0.692186868686868,0.981491153270453,0.685454710069556,1.4053807929198
0.706313131313131,0.979497179914051,0.683505556954475,1.40366777665201
0.720439393939393,0.977458586769629,0.681614152804877,1.40170987488751
0.734565656565656,0.975376660635873,0.679778707997644,1.39951372251054
0.748691919191919,0.973252685663338,0.677997387253177,1.39708619525578
0.762818181818181,0.971087942852429,0.67626831439029,1.39443438748652
0.776944444444444,0.968883709566229,0.67458957652873,1.3915655908787
0.791070707070706,0.966641259058238,0.672959227815817,1.38848727395626
0.805196969696969,0.964361860015042,0.671375292745582,1.38520706242923
0.819323232323232,0.96204677611396,0.669835769131682,1.38173272029209
0.833449494949494,0.959697265595666,0.668338630789275,1.37807213164398
0.847575757575757,0.957314580851776,0.666881829975769,1.37423328319608
0.86170202020202,0.954899968027395,0.665463299635721,1.37022424743463
0.875828282828282,0.952454666638589,0.664080955491203,1.36605316641044
0.889954545454545,0.949979909204731,0.662732698015483,1.36172823612748
0.904080808080807,0.947476920895685,0.661416414324821,1.35725769150492
0.91820707070707,0.944946919193736,0.660129980020549,1.35264979188786
0.932333333333333,0.942391113570213,0.658871261011249,1.34791280708318
0.946459595959595,0.939810705176695,0.657638115342741,1.34305500389739
0.960585858585858,0.937206886550729,0.656428395061737,1.33808463315409
0.97471212121212,0.934580841335907,0.655239948137262,1.33300991716879
0.988838383838383,0.931933744016253,0.654070620462309,1.32783903765969
1.00296464646465,0.929266759664712,0.652918257956696,1.32258012407279
1.01709090909091,0.92658104370568,0.651780708790493,1.31724124230053
1.03121717171717,0.923877741691385,0.650655825745925,1.31183038377355
1.04534343434343,0.921157989092,0.649541468734015,1.30635545490551
1.0594696969697,0.918422911099298,0.648435507480637,1.30082426687175
1.07359595959596,0.915673622443733,0.64733582439481,1.29524452570363
1.08772222222222,0.912911227224728,0.646240317630218,1.28962382268115
1.10184848484848,0.910136818754032,0.64514690434882,1.28396962500782
1.11597474747475,0.907351479411953,0.644053524193161,1.27828926675377
1.13010101010101,0.904556280516273,0.642958142971522,1.27258994005412
1.14422727272727,0.901752282203685,0.641858756557319,1.2668786865525
1.15835353535353,0.898940533323521,0.640753395001246,1.26116238908169
1.1724797979798,0.896122071343608,0.639640126851453,1.25544776357605
1.18660606060606,0.893297922268033,0.638517063673662,1.24974135121348
1.20073232323232,0.890469100566624,0.637382364759452,1.24404951078806
1.21485858585858,0.887636609115938,0.636234242007162,1.23837841131784
1.22898484848485,0.884801439151549,0.63507096495581,1.23273402489614
1.24311111111111,0.881964570231435,0.633890865948334,1.22712211979865
1.25723737373737,0.879126970210241,0.632692345396273,1.22154825386258
1.27136363636364,0.876289595224225,0.63147387711376,1.21601776815845
1.2854898989899,0.873453389686653,0.630234013684654,1.21053578097872
1.29961616161616,0.870619286293456,0.628971391822574,1.20510718217204
1.31374242424242,0.867788206038917,0.627684737679938,1.1997366278551
1.32786868686869,0.864961058241195,0.626372872058699,1.19442853553788
1.34199494949495,0.862138740577451,0.625034715472577,1.18918707970083
1.35612121212121,0.859322139128391,0.62366929300815,1.18401618786536
1.37024747474747,0.856512128432003,0.622275738930532,1.17891953720056
1.38437373737374,0.853709571546278,0.620853300978362,1.17390055171041
1.3985,0.850915320120729,0.619401344292664,1.16896240004615
0,0.889045258150751,0.623297439100685,1.2680967728357
0.309277777777778,0.896508170153062,0.636194255796713,1.26333567432902
0.618555555555556,0.904033728072488,0.649192388711343,1.25891337560958
0.927833333333333,0.91162245777761,0.66226840275519,1.2548620801885
1.23711111111111,0.919274889551304,0.675394810744687,1.25121826391855
1.54638888888889,0.926991558127801,0.688539574789595,1.24802317877342
1.85566666666667,0.934773002730051,0.701665601720457,1.24532336271072
2.16494444444444,0.942619767107403,0.714730263169263,1.2431711250083
2.47422222222222,0.950532399573599,0.727684985999594,1.24162496138081
2.7835,0.958503739343158,0.740465270362527,1.24074612963956
3.09277777777778,0.966495023596729,0.752962386997277,1.24058339004471
3.40205555555556,0.974458229446182,0.765056152874728,1.24117535342647
3.71133333333333,0.982343777510041,0.776628412575435,1.2425495662882
4.02061111111111,0.990100558900294,0.78756707901181,1.24471825049454
4.32988888888889,0.997675988133214,0.797770474010587,1.24767387328047
4.63916666666667,1.00501608321616,0.807151545050972,1.25138498924557
4.94844444444444,1.0120655740666,0.815641450683319,1.25579287976679
5.25772222222222,1.01876804028333,0.823192018243213,1.26080950361704
5.567,1.02506607911093,0.829776703680541,1.26631714518271
5.87627777777778,1.03090150421571,0.835389905439398,1.27216992266051
6.18555555555556,1.03621557562308,0.840044744557791,1.27819705571647
6.49483333333333,1.04094926085373,0.843769647164572,1.28420756460393
6.80411111111111,1.0450435269378,0.846604194381608,1.2899959395929
7.11338888888889,1.0484396625859,0.848594717629648,1.29534830142905
7.42266666666667,1.0510796293549,0.849790033913567,1.30004865102619
7.73194444444444,1.05290644016861,0.850237578898105,1.30388493670825
8.04122222222222,1.05386456304464,0.849980050438521,1.3066548052137
8.3505,1.05390034734448,0.849052553435277,1.30817101678674
8.65977777777778,1.05296453743689,0.847481253733358,1.3082700203874
8.96905555555555,1.05106305039597,0.84530771848142,1.30690103941356
9.27833333333333,1.04825958270191,0.842588286130491,1.30413414334626
9.58761111111111,1.04462225784699,0.839367598746681,1.30006884137385
9.89688888888889,1.04022044216767,0.835679992729116,1.29482406868421
10.2061666666667,1.03512424701782,0.831552025483463,1.28853297680473
10.5154444444444,1.02940407055009,0.827004747851124,1.28133815823734
10.8247222222222,1.02313018136435,0.822055767521803,1.27338729241491
11.134,1.01637234553773,0.816721137255931,1.26482920259006
11.4432777777778,1.00919949787101,0.811017085063759,1.25581032170613
11.7525555555556,1.0016794575773,0.804961585014222,1.24647157629843
12.0618333333333,0.993878688104476,0.798575749999127,1.2369457082429
12.3711111111111,0.985862100324943,0.79188501429112,1.22735506205678
12.6803888888889,0.977692897945553,0.784920066591405,1.21780986800885
12.9896666666667,0.969432463684685,0.777717495303103,1.20840704667379
13.2989444444444,0.961140284531646,0.770320117636589,1.19922954807911
13.6082222222222,0.952873914241292,0.762776981881366,1.19034621915575
13.9175,0.944688971120887,0.755143055103481,1.18181216939769
14.2267777777778,0.936639169131985,0.747478632728947,1.17366958029205
14.5360555555556,0.928776380353196,0.739848527641284,1.16594888341824
14.8453333333333,0.921150726925414,0.732321110885134,1.15867021870999
15.1546111111111,0.91381070072498,0.724967281643905,1.15184508032688
15.4638888888889,0.906803309178307,0.717859440523959,1.14547806313802
15.7731666666667,0.900174245839978,0.711070528688714,1.13956863655687
16.0824444444444,0.893963905230226,0.704668508857261,1.13410980313349
16.3917222222222,0.888175347511095,0.698678737887401,1.12906748860245
16.701,0.882793058357369,0.693102146249504,1.12439932281412
17.0102777777778,0.877802117176509,0.687936513011884,1.12006928305934
17.3195555555556,0.873188310451053,0.683177154268578,1.1160470175919
17.6288333333333,0.86893808391842,0.678817355249445,1.11230714395385
17.9381111111111,0.865038497585088,0.674848732305189,1.1088286403802
18.2473888888889,0.861477183367212,0.671261531942476,1.10559432076305
18.5566666666667,0.85824230516623,0.668044874540509,1.10259038344344
18.8659444444444,0.85532252120324,0.665186950270806,1.09980602442612
19.1752222222222,0.852706948450008,0.662675174311335,1.09723310623572
19.4845,0.850385129007345,0.660496307859558,1.09486587439124
19.7937777777778,0.848346998293578,0.658636550812699,1.09270071426447
20.1030555555556,0.846582854916922,0.657081611362833,1.09073594184563
20.4123333333333,0.845083332115708,0.655816757185199,1.08897162262981
20.7216111111111,0.843839370659985,0.654826852397979,1.08740941344762
21.0308888888889,0.842842193116757,0.654096384044873,1.08605242258781
21.3401666666667,0.842083279389326,0.653609481494124,1.08490508400536
21.6494444444444,0.841554343448778,0.653349931849795,1.0839730417854
21.9587222222222,0.841247311182795,0.653301194219634,1.08326304135663
22.268,0.841154299293509,0.653446415462688,1.08278282423351
22.5772777777778,0.8412675951824,0.653768449831301,1.08254102333418
22.8865555555556,0.841579637765919,0.65424988470703,1.08254705618996
23.1958333333333,0.842082999171004,0.654873074389195,1.0828110136521
23.5051111111111,0.842770367264745,0.655620183609713,1.08334354203221
23.8143888888889,0.843634528977198,0.656473242102141,1.08415571700003
24.1236666666667,0.844668354380887,0.657414211134192,1.08525890802029
24.4329444444444,0.845864781494758,0.658425062415124,1.08666463264437
24.7422222222222,0.847216801784365,0.659487869214021,1.08838440058219
25.0515,0.848717446333811,0.660584908884071,1.09042954815336
25.3607777777778,0.850359772668598,0.661698775304868,1.09281106443008
25.6700555555556,0.852136852211858,0.662812499063814,1.0955394111052
25.9793333333333,0.854041758359643,0.66390967254399,1.0986243388007
26.2886111111111,0.85606755516403,0.664974576520672,1.10207470312474
26.5978888888889,0.85820728661554,0.665992304445298,1.10589828423536
26.9071666666667,0.860453966519187,0.666948880363331,1.11010161392769
27.2164444444444,0.862800568960916,0.667831366407952,1.11468981429144
27.5257222222222,0.865240019363675,0.668627956054938,1.1196664517673
27.835,0.86776518613451,0.669328049811909,1.12503340996791
28.1442777777778,0.870368872906337,0.669922310720835,1.13079078394797
28.4535555555556,0.873043811379802,0.670402697925705,1.13693679775889
28.7628333333333,0.875782654772642,0.67076247753154,1.14346774617331
29.0721111111111,0.878577971885607,0.670996210978896,1.15037796049031
29.3813888888889,0.881422241795389,0.671099722103122,1.1576597974097
29.6906666666667,0.884307849186605,0.671070044871957,1.16530364916266
29.9999444444444,0.887227080336006,0.670905354445878,1.17329797245649
30.3092222222222,0.890172119763073,0.670604884651482,1.18162933336715
30.6185,0.893135047562317,0.670168835190163,1.19028246510119
0,1.47762089940779,1.15068330187908,1.89744955784204
4.03821212121212,1.42214381457864,1.12234929668538,1.80201746044416
8.07642424242424,1.36876089964591,1.09318601374703,1.7138038511651
12.1146363636364,1.31770954015263,1.06324470804749,1.63307507581943
16.1528484848485,1.26951136603563,1.03286424099134,1.56037845491367
20.1910606060606,1.2246189153966,1.00253118528154,1.49590507503862
24.2292727272727,1.18341061985165,0.972873692202284,1.43950926662172
28.2674848484848,1.14620620054231,0.944633373486555,1.39079212214636
32.305696969697,1.11328280091278,0.918611427817534,1.34920877019003
36.3439090909091,1.08488045594658,0.895596265127319,1.31416984362651
40.3821212121212,1.06088438401169,0.875980647951229,1.28481796815051
44.4203333333333,1.04081203624382,0.859664668147948,1.26013053104048
48.4585454545454,1.02421996888037,0.846448453916753,1.23932714366619
52.4967575757576,1.01071674673499,0.836082761107291,1.22182682104059
56.5349696969697,0.999952982721962,0.828288806260977,1.20719483360916
60.5731818181818,0.991612974115302,0.822771348506849,1.19510273688828
64.6113939393939,0.985407647063592,0.819227048109166,1.18529806008311
68.649606060606,0.981068585720121,0.817350054596922,1.17758060267279
72.6878181818182,0.978342974231967,0.816836394090991,1.17178296921284
76.7260303030303,0.976989321652873,0.8173882490104,1.16775367859686
80.7642424242424,0.976773873748897,0.81871871597907,1.16534187116692
84.8024545454545,0.977467643226974,0.82055710973385,1.16438329791036
88.8406666666666,0.978844012264532,0.822654395536836,1.16468787566725
92.8788787878788,0.980676879136271,0.824787967023331,1.16602954907713
96.9170909090909,0.982739434966757,0.826764928623452,1.16813953229339
100.955303030303,0.984859241616838,0.82846786905297,1.1707728954013
104.993515151515,0.987011708191795,0.829916771486388,1.17384314376838
109.031727272727,0.989196648309292,0.831152144534239,1.17729349008017
113.069939393939,0.991413875410246,0.832212979972668,1.1810696252157
117.108151515151,0.993663202662822,0.833136163919981,1.18512027575479
121.146363636364,0.995944442866876,0.833956073503751,1.18939757715303
125.184575757576,0.998257408358858,0.834704337614459,1.19385728387532
129.222787878788,1.00060191091716,0.835409733849786,1.19845884428143
133.261,1.00297776166789,0.836098192045252,1.203165369775
137.299212121212,1.00538477099109,0.83679287636545,1.20794352615803
141.337424242424,1.0078227484273,0.837514321409293,1.21276337166202
145.375636363636,1.01029150258463,0.838280602075185,1.21759816184218
149.413848484848,1.0127908410461,0.839107521292042,1.22242413716831
153.452060606061,1.01532057027749,0.840008803706932,1.22722030516751
157.490272727273,1.01788049553549,0.840996286815613,1.23196822558473
161.528484848485,1.02047042077622,0.84208010376937,1.23665180428537
165.566696969697,1.02309014856421,0.843268854221134,1.2412570994999
169.604909090909,1.02573947998161,0.844569761165174,1.24577214242362
173.643121212121,1.02841821453791,0.845988812870459,1.25018677304341
177.681333333333,1.0311261500799,0.847530889802357,1.25449249127255
181.719545454545,1.03386308270205,0.849199876952898,1.25868232295266
185.757757575758,1.03662880665724,0.850998762326571,1.2627506999584
189.79596969697,1.03942311426783,0.852929722511507,1.26669335346049
193.834181818182,1.04224579583711,0.854994196349168,1.27050721932213
197.872393939394,1.04509663956112,0.857192947730898,1.27419035459079
201.910606060606,1.04797543144077,0.859526118521826,1.2777418640776
205.948818181818,1.05088195519438,0.861993272558774,1.28116183607207
209.98703030303,1.05381599217063,0.864593431601066,1.2844512863093
214.025242424242,1.05677732126172,0.867325104041427,1.28761210938011
218.063454545454,1.05976571881715,0.870186307112685,1.29064703684725
222.101666666667,1.06278095855765,0.873174583260596,1.29355960139718
226.139878787879,1.06582281148964,0.876287011295805,1.29635410641528
230.178090909091,1.06889104582007,0.879520212890099,1.29903560042126
234.216303030303,1.07198542687161,0.882870354947294,1.30160985583633
238.254515151515,1.07510571699834,0.88633314835503,1.30408335157915
242.292727272727,1.07825167550179,0.889903843614951,1.30646325899619
246.330939393939,1.08142305854746,0.893577223852995,1.30875743062866
250.369151515151,1.08461961908176,0.897347595731982,1.31097439129756
254.407363636364,1.08784110674948,0.901208778823556,1.31312333095417
258.445575757576,1.09108726781159,0.905154094048142,1.31521409869163
262.483787878788,1.09435784506371,0.909176351860526,1.31725719724418
266.522,1.09765257775491,0.913267840939765,1.31926377722026
270.560212121212,1.10097120150715,0.917420318243472,1.32124563021331
274.598424242424,1.10431344823519,0.921625001393662,1.323215179828
278.636636363636,1.10767904606705,0.925872564483083,1.32518546953708
282.674848484848,1.11106771926507,0.930153138510738,1.32717014616473
286.713060606061,1.11447918814748,0.934456317772998,1.32918343767418
290.751272727273,1.11791316901074,0.938771173638078,1.33124012383601
294.789484848485,1.1213693740522,0.943086277200342,1.33335549828501
298.827696969697,1.12484751129383,0.947389732340396,1.33554532044401
302.865909090909,1.12834728450609,0.951669220671858,1.33782575583714
306.904121212121,1.13186839313305,0.955912059735647,1.34021330343702
310.942333333333,1.13541053221774,0.960105275564276,1.34272470892663
314.980545454545,1.13897339232839,0.964235690389964,1.34537686310636
319.018757575757,1.14255665948578,0.968290025772907,1.34818668517553
323.05696969697,1.14616001509059,0.972255020800613,1.3511709912392
327.095181818182,1.14978313585232,0.976117564252144,1.35434634915442
331.133393939394,1.1534256937188,0.97986483876989,1.35772892167542
335.171606060606,1.15708735580611,0.983484474173317,1.36133430076948
339.209818181818,1.16076778433019,0.986964706172682,1.36517733685107
343.24803030303,1.16446663653873,0.990294535936287,1.3692719674857
347.286242424242,1.16818356464409,0.993463885371246,1.37363105070962
351.324454545454,1.17191821575769,0.99646374263429,1.37826620845625
355.362666666667,1.17567023182466,0.999286292386067,1.38318768558135
359.400878787879,1.17943924955999,1.00192502568726,1.38840422959636
363.439090909091,1.18322490038578,1.00437482517247,1.39392299548382
367.477303030303,1.18702681036923,1.00663202223841,1.39974947886332
371.515515151515,1.19084460016219,1.00869442430937,1.4058874794578
375.553727272727,1.19467788494149,1.01056131172361,1.41233909532314
379.591939393939,1.19852627435066,1.01223340525857,1.41910474683646
383.630151515151,1.20238937244294,1.01371280668018,1.42618322806672
387.668363636364,1.20626677762541,1.01500291581233,1.43357178204584
391.706575757576,1.2101580826045,1.01610832845879,1.44126619561744
395.744787878788,1.21406287433278,1.01703471995701,1.44926090910198
399.783,1.21798073395715,1.01778871929077,1.45754913586047
0,1.24944902598645,1.01870871636568,1.53245264662888
0.247686868686869,1.19682955038513,0.994995200192995,1.43960591206594
0.495373737373737,1.1492568863828,0.96903539493026,1.36299602450884
0.743060606060606,1.10837333299078,0.942601786602988,1.30329844770654
0.990747474747474,1.07362919189385,0.917053818009574,1.25693783619863
1.23843434343434,1.0441987664353,0.893419172420849,1.220424966783
1.48612121212121,1.01937503475153,0.872394071564381,1.19111935230293
1.73380808080808,0.998546043492029,0.854312191933914,1.16713095094248
1.98149494949495,0.981175767240424,0.839209230471364,1.14715836202029
2.22918181818182,0.966788509405332,0.826912349280595,1.13032538784957
2.47686868686869,0.954956141755385,0.817117249367278,1.1160469729191
2.72455555555555,0.945287649707578,0.809444092439159,1.10392891743396
2.97224242424242,0.93742058180709,0.803476035015351,1.09369453337678
3.21992929292929,0.931014103881441,0.798786736322487,1.08512976269078
3.46761616161616,0.925743437837273,0.794961792023516,1.07804038042802
3.71530303030303,0.921295526800801,0.791616555380484,1.07221790895366
3.9629898989899,0.917365815665326,0.788410444626332,1.06741361113014
4.21067676767677,0.913664950970577,0.785064476375276,1.06333131577466
4.45836363636363,0.910059263913244,0.781487135101351,1.05978438624828
4.7060505050505,0.906542938642828,0.77771672786544,1.05670878631964
4.95373737373737,0.903114124016756,0.773793890366216,1.05404698997112
5.20142424242424,0.899771008061406,0.769756993625887,1.05174473717261
5.44911111111111,0.896511816704635,0.765641592606907,1.04975153551212
5.69679797979798,0.893334812546691,0.761480091891671,1.04802094737017
5.94448484848485,0.890238293668161,0.757301596144094,1.04651069474625
6.19217171717172,0.88722059247369,0.753131906993388,1.04518261993683
6.43985858585858,0.884280074570335,0.748993628046587,1.0440025402105
6.68754545454545,0.881415137679311,0.744906343644541,1.04294003072816
6.93523232323232,0.878624210580061,0.740886842758945,1.04196816418376
7.18291919191919,0.875905752085622,0.736949365676004,1.04106322940236
7.43060606060606,0.873258250048173,0.733105856949401,1.04020444530404
7.67829292929293,0.870680220393842,0.729366213102521,1.03937368165217
7.9259797979798,0.868170206185848,0.725738517564562,1.0385551940086
8.17366666666666,0.865726776714962,0.722229258386155,1.03773537726237
8.42135353535353,0.863348526616573,0.718843526505523,1.03690253988158
8.6690404040404,0.861034075013386,0.715585193896959,1.03604669948064
8.91672727272727,0.858782064682991,0.712457071962258,1.0351593992743
9.16441414141414,0.856591161249605,0.709461051177862,1.03423354434012
9.41210101010101,0.854460052399063,0.706598223370776,1.03326325625744
9.65978787878788,0.852387447116618,0.703868988174682,1.03224374451581
9.90747474747474,0.850372074946544,0.701273145258713,1.03117119304792
10.1551616161616,0.848412685273286,0.698809973880343,1.03004266028962
10.4028484848485,0.846508046623011,0.696478301230378,1.02885599125145
10.6505353535353,0.844656945985454,0.694276560914876,1.02760974021842
10.8982222222222,0.842858188155269,0.692202842800185,1.02630310281094
11.1459090909091,0.841110595092225,0.690254935312761,1.02493585628017
11.393595959596,0.839413005299878,0.688430361166391,1.02350830703161
11.6412828282828,0.837764273222255,0.686726407376012,1.02202124448568
11.8889696969697,0.836163268657791,0.685140150308436,1.02047590049675
12.1366565656566,0.834608876190266,0.683668476435354,1.01887391363648
12.3843434343434,0.833099994636473,0.682308099363364,1.01721729774407
12.6320303030303,0.831635536509603,0.681055573657811,1.01550841419751
12.8797171717172,0.830214427498657,0.679907305898514,1.01374994745211
13.127404040404,0.828835605962918,0.678859563373342,1.01194488341341
13.3750909090909,0.827498022441272,0.677908480756544,1.01009649028145
13.6227777777778,0.826200639176411,0.677050065091353,1.0082083015285
13.8704646464646,0.82494242965286,0.676280199369946,1.0062841006961
14.1181515151515,0.823722378149061,0.675594644968743,1.00432790774257
14.3658383838384,0.822539479303097,0.674989043192666,1.00234396666953
14.6135252525252,0.821392737691459,0.674458916164583,1.00033673417646
14.8612121212121,0.820281167420921,0.673999667294928,0.998310869092757
15.108898989899,0.819203791733203,0.673606581539324,0.996271222375042
15.3565858585859,0.818159642621924,0.673274825685917,0.994222827406744
15.6042727272727,0.8171477604618,0.672999448893196,0.992170890371269
15.8519595959596,0.816167193649974,0.672775383702197,0.990120780467401
16.0996464646465,0.815216998258641,0.672597447762773,0.988078019713551
16.3473333333333,0.814296237699827,0.672460346513904,0.986048272094484
16.5950202020202,0.813403982401039,0.672358677068636,0.984037331786126
16.8427070707071,0.812539309491976,0.672286933540147,0.982051110220291
17.0903939393939,0.811701302502893,0.672239514064095,0.980095621725196
17.3380808080808,0.810889051072815,0.672210729767007,0.978176967478158
17.5857676767677,0.810101650668843,0.672194815899249,0.976301317555456
17.8334545454545,0.809338202316078,0.672185945362135,0.974474890835943
18.0811414141414,0.808597812337675,0.672178244812351,0.972703932570446
18.3288282828283,0.807879592104614,0.672165813476694,0.970994689484824
18.5765151515151,0.807182657796533,0.672142744799068,0.969353382282284
18.824202020202,0.806506130171553,0.672103150943552,0.967786175516567
19.0718888888889,0.805849134346439,0.672041190093567,0.966299144902847
19.3195757575758,0.805210799586176,0.671951096447992,0.964898242145202
19.5672626262626,0.804590259103161,0.671827212657281,0.963589257546095
19.8149494949495,0.803986649866148,0.671664024363082,0.962377780730399
20.0626363636364,0.803399112418262,0.671456196401697,0.96126915991451
20.3103232323232,0.802826790704463,0.671198610096668,0.960268460299701
20.5580101010101,0.802268831908667,0.670886400978355,0.959380422249552
20.805696969697,0.801724386298786,0.670514996199333,0.958609419967519
21.0533838383838,0.801192607082243,0.670080150770329,0.957959421578594
21.3010707070707,0.800672650269928,0.669577981829911,0.957433951364786
21.5487575757576,0.800163674548913,0.669005000023225,0.957036055104808
21.7964444444444,0.799664841164352,0.668358137170276,0.956768269332065
22.0441313131313,0.799175313810309,0.667634769491295,0.95663259522935
22.2918181818182,0.79869425852872,0.666832735688679,0.956630477878281
22.539505050505,0.798220843618109,0.665950349382938,0.956762791365433
22.7871919191919,0.797754239549985,0.664986405591019,0.957029830037431
23.0348787878788,0.797293618894651,0.663940181019826,0.957431306166342
23.2825656565657,0.796838156255439,0.662811428273896,0.957966353896639
23.5302525252525,0.796387028211131,0.661600364151112,0.95863353932208
23.7779393939394,0.79593941326679,0.660307652446053,0.959430876266031
24.0256262626263,0.795494491814298,0.658934381800654,0.960355847235683
24.2733131313131,0.795051446100085,0.657482039313691,0.961405428816973
24.521,0.794609460201637,0.655952480575282,0.962576120892453
0,1.22374669141421,1.00541230911424,1.48949436084242
0.33759595959596,1.02317295230715,0.869212348267673,1.20440407044304
0.675191919191919,0.901682493150856,0.756553635500636,1.07465126106589
1.01278787878788,0.830245210984579,0.683360014828176,1.00870272682862
1.35038383838384,0.790624675883792,0.643312976820948,0.971669157375525
1.6879797979798,0.770741392980067,0.625139560623803,0.950255482567896
2.02557575757576,0.761350127014678,0.618495691629939,0.937199763473999
2.36317171717172,0.754851438208092,0.614667655154179,0.927006145494837
2.70076767676768,0.748689425796918,0.610771948855675,0.917749836662149
3.03836363636364,0.742831977399265,0.606804292147566,0.909353071142603
3.3759595959596,0.737269941032273,0.602786872759528,0.901756475653342
3.71355555555556,0.731994597993359,0.598742396270893,0.894902540439173
4.05115151515152,0.72699764136479,0.594693576869365,0.888735966062179
4.38874747474747,0.722271155682069,0.59066267328394,0.883203977373283
4.72634343434343,0.717807597694707,0.586671090490207,0.87825658305017
5.06393939393939,0.713599778152653,0.582739059372331,0.873846767587541
5.40153535353535,0.709640844555611,0.578885398500612,0.869930610732218
5.73913131313131,0.705924264806765,0.575127355484833,0.866467336130934
6.07672727272727,0.702443811716146,0.571480520485243,0.863419295900655
6.41432323232323,0.699193548301822,0.567958801466229,0.860751900885826
6.75191919191919,0.69616781384093,0.564574449434042,0.858433507775452
7.08951515151515,0.693361210625425,0.561338121887206,0.85643527431147
7.42711111111111,0.690768591379306,0.558258973626527,0.854730992923312
7.76470707070707,0.68838504729894,0.555344765362312,0.853296911938306
8.10230303030303,0.686205896677182,0.552601982336173,0.85211155168835
8.43989898989899,0.684226674077461,0.550035956695214,0.851155521417164
8.77749494949495,0.682443120024473,0.547650988912369,0.850411341342906
9.11509090909091,0.680851171179793,0.545450464857641,0.849863272951617
9.45268686868687,0.679446950974613,0.543436966320049,0.849497159375826
9.79028282828283,0.678226760669359,0.541612373375734,0.849300277283255
10.1278787878788,0.677187070818403,0.539977958025902,0.849261200512949
10.4654747474747,0.676324513110883,0.538534468741451,0.849369675637749
10.8030707070707,0.675635872568732,0.53728220609038,0.849616509028633
11.1406666666667,0.675118080076529,0.536221089710658,0.849993464994368
11.4782626262626,0.674768205226553,0.535350717074305,0.850493174405271
11.8158585858586,0.674583449456961,0.534670414891925,0.851109052617463
12.1534545454545,0.674561139465435,0.53417928344406,0.851835226448946
12.4910505050505,0.674698720882555,0.533876234522596,0.852666469350564
12.8286464646465,0.674993752186779,0.533760023829803,0.853598143641544
13.1662424242424,0.675443898848302,0.533829278244964,0.854626149377372
13.5038383838384,0.676046927683375,0.53408251827944,0.855746879531827
13.8414343434343,0.676800701409972,0.53451817657364,0.856957180325045
14.1790303030303,0.677703173388979,0.53513461288071,0.858254316141337
14.5166262626263,0.678752382540042,0.535930125205784,0.85963593971674
14.8542222222222,0.67994644841779,0.536902958730495,0.861100065101405
15.1918181818182,0.681283566446051,0.538051311698994,0.862645044844927
15.5294141414141,0.682762003281317,0.539373338741956,0.86426955068266
15.8670101010101,0.684380092327854,0.540867152655742,0.865972556245803
16.2046060606061,0.686136229353313,0.542530823927852,0.867753322885463
16.542202020202,0.688028868233343,0.544362378462541,0.869611388023262
16.879797979798,0.690056516796097,0.546359793937422,0.8715465553223
17.2173939393939,0.692217732768003,0.548520994462202,0.873558887255124
17.5549898989899,0.69451111980519,0.550843844209451,0.875648698997993
17.8925858585859,0.696935323614517,0.553326139678654,0.877816554236447
18.2301818181818,0.699489028147038,0.555965600931956,0.880063262327575
18.5677777777778,0.702170951869337,0.55875986160272,0.882389877173473
18.9053737373737,0.704979844091861,0.56170645774948,0.884797697656958
19.2429696969697,0.707914481363202,0.56480281712011,0.88728826722045
19.5805656565657,0.710973663915504,0.568046245612376,0.889863377648953
19.9181616161616,0.7141562121724,0.571433914687181,0.892525071186278
20.2557575757576,0.717460963280383,0.574962847535796,0.895275644395731
20.5933535353535,0.720886767704698,0.57862990488585,0.898117652516157
20.9309494949495,0.724432485851943,0.582431770259399,0.901053914562204
21.2685454545455,0.728096984719477,0.586364935214124,0.904087518405252
21.6061414141414,0.731879134605241,0.590425684377687,0.90722182629147
21.9437373737374,0.735777805816394,0.594610081243015,0.910460479244264
22.2813333333333,0.739791865393694,0.598913953541911,0.913807402325588
22.6189292929293,0.743920173933741,0.603332879306407,0.917266809363709
22.9565252525252,0.748161582309998,0.607862174411639,0.920843205594079
23.2941212121212,0.752514928539929,0.612496881779453,0.924541388733729
23.6317171717172,0.756979034583886,0.617231760271285,0.928366451116677
23.9693131313131,0.761552703186022,0.622061279129473,0.93232377450265
24.3069090909091,0.766234714740792,0.62697960950132,0.936419030502246
24.644505050505,0.771023824186618,0.631980626935679,0.940658165972326
24.982101010101,0.775918757840052,0.637057907302922,0.945047399720563
25.319696969697,0.78091821035613,0.642204737301466,0.949593199558648
25.6572929292929,0.78602084161599,0.647414122520607,0.954302264907796
25.9948888888889,0.791225273624739,0.652678799553883,0.959181505589656
26.3324848484848,0.796530087542581,0.657991261895477,0.964238002998553
26.6700808080808,0.801933820523327,0.663343780787705,0.969478980771444
27.0076767676768,0.807434962794323,0.668728440336463,0.974911757625633
27.3452727272727,0.813031954599264,0.674137173314846,0.980543701438607
27.6828686868687,0.818723183181032,0.679561807473477,0.986382170549282
28.0204646464646,0.824506979893558,0.684994111521977,0.992434458133857
28.3580606060606,0.830381617166882,0.690425849408207,0.998707726137012
28.6956565656566,0.836345305616976,0.6958488432341,1.00520892867567
29.0332525252525,0.842396191183251,0.701255026386563,1.01194475079437
29.3708484848485,0.848532352190424,0.706636510924948,1.01892152695502
29.7084444444444,0.854751796586568,0.711985651752559,1.02614516454031
30.0460404040404,0.861052459113904,0.717295105664711,1.03362107379646
30.3836363636364,0.867432198520943,0.722557889990806,1.04135409695748
30.7212323232323,0.873888794906912,0.727767437860062,1.04934844036083
31.0588282828283,0.880419947007392,0.732917645770911,1.05760761466342
31.3964242424242,0.887023269592107,0.738002917699431,1.06613437688104
31.7340202020202,0.893696290936714,0.743018188286234,1.07493069890553
32.0716161616162,0.900436450282612,0.747958957507647,1.0839977151945
32.4092121212121,0.907241095384538,0.752821299101532,1.09333570415298
32.7468080808081,0.914107480234327,0.75760185889203,1.10294408020907
33.084404040404,0.921032762689654,0.762297862321126,1.1128213679686
33.422,0.928014002354601,0.766907088396836,1.12296522172784
0,1.58464651033456,1.23891639255105,2.0268555471648
3.44766666666667,1.35029135529419,1.09667823805687,1.66255395694984
6.89533333333333,1.17433278974289,0.981097535077753,1.40562732221729
10.343,1.06269453259162,0.90229514073085,1.25160783719326
13.7906666666667,0.999127144942649,0.855101640922487,1.1674109883409
17.2383333333333,0.967222592563503,0.830785567794308,1.12606619545525
20.686,0.955475622177165,0.821759673585284,1.1109497021091
24.1336666666667,0.954540670771988,0.820948441445405,1.10987224794973
27.5813333333333,0.956362947607497,0.822000111290161,1.11268852034698
31.029,0.958232687965267,0.8228050558103,1.1159507076447
34.4766666666667,0.960128166305546,0.823382407577006,1.11958439632685
37.9243333333333,0.962049274963866,0.823767380863957,1.12354388988771
41.372,0.963995906347693,0.82399360296714,1.12778558487446
44.8196666666666,0.965967952887587,0.824092657178484,1.13226841408896
48.2673333333333,0.9679653069885,0.824093792398122,1.13695412364021
51.715,0.969987860981286,0.824023773835382,1.14180740935639
55.1626666666666,0.972035507074374,0.823906845992457,1.14679594132416
58.6103333333333,0.974108137305581,0.823764779801536,1.15189030464929
62.058,0.976205643494083,0.823616978836672,1.15706388148499
65.5056666666666,0.978327917192591,0.823480623683487,1.16229269521498
68.9533333333333,0.980474849639548,0.82337083794024,1.16755523329024
72.401,0.982646331711716,0.823300863406721,1.17283226113839
75.8486666666666,0.984842253876484,0.823282235525581,1.17810663605698
79.2963333333333,0.987062506144813,0.823324952989367,1.1833631271582
82.744,0.989306978023895,0.823437637635305,1.18858824522209
86.1916666666666,0.991575558470208,0.823627682400587,1.19377008466951
89.6393333333333,0.993868135842515,0.823901386297147,1.19889817867939
93.087,0.996184597855008,0.82426407618741,1.20396336765489
96.5346666666666,0.998524831530919,0.824720215687221,1.20895768070027
99.9823333333333,1.00088872315545,0.825273501859563,1.21387422943117
103.43,1.00327615822978,0.825926950558763,1.21870711325177
106.877666666667,1.00568702142453,0.826682971369417,1.22345133514282
110.325333333333,1.00812119653325,0.82754343311125,1.2281027269816
113.773,1.01057856642699,0.828509720852747,1.23265788344703
117.220666666667,1.01305901300754,0.82958278532693,1.23711410360493
120.668333333333,1.01556241716186,0.83076318557704,1.2414693393464
124.116,1.01808865871634,0.832051125590196,1.24572214991191
127.563666666667,1.02063761639077,0.833446485594203,1.24987166182499
131.011333333333,1.02320916775341,0.834948848634165,1.25391753361572
134.459,1.02580318917416,0.836557522965847,1.25785992478945
137.906666666667,1.02841955578098,0.838271560750851,1.26169946856529
141.354333333333,1.03105814141314,0.840089773478176,1.26543724794184
144.802,1.03371881857666,0.842010744486214,1.26907477473052
148.249666666667,1.0364014583994,0.844032838925478,1.27261397120503
151.697333333333,1.03910593058507,0.846154211448434,1.27605715408398
155.145,1.04183210337024,0.848372811904639,1.2794070205716
158.592666666667,1.044579843478,0.850686389267782,1.28266663622034
162.040333333333,1.04734901607318,0.853092494013819,1.28583942440794
165.488,1.05013948471989,0.855588479166414,1.28892915720674
168.935666666667,1.05295111133479,0.858171500166368,1.29193994748862
172.383333333333,1.05578375614435,0.860838513772233,1.29487624206506
175.831,1.05863727763993,0.863586276150533,1.29774281569699
179.278666666667,1.06151153253372,0.86641134033096,1.30054476580564
182.726333333333,1.06440637571601,0.869310053197402,1.30328750771691
186.174,1.06732166021004,0.872278552190048,1.30597677025689
189.621666666667,1.0702572371294,0.875312761912868,1.30861859151309
193.069333333333,1.073212955634,0.878408390831858,1.31121931457179
196.517,1.0761886628867,0.881560928264841,1.31378558304017
199.964666666667,1.07918420401098,0.884765641903883,1.31632433610406
203.412333333333,1.08219942204762,0.888017576087534,1.31884280290951
206.86,1.08523415791147,0.891311551074079,1.32134849602092
210.307666666667,1.08828825034892,0.894642163590874,1.32384920367909
213.755333333333,1.09136153589663,0.898003788942718,1.32635298057816
217.203,1.09445384883565,0.901390584960345,1.32886813687306
220.650666666667,1.09756502115619,0.904796498088781,1.33140322515636
224.098333333333,1.10069488250812,0.908215271948685,1.33396702499847
227.546,1.10384326016397,0.911640458623914,1.33656852488606
230.993666666667,1.10700997897727,0.915065433000735,1.33921690117463
234.441333333333,1.11019486133675,0.918483410393811,1.34192149383522
237.889,1.11339772713375,0.921887467727939,1.3446917787502
241.336666666667,1.11661839371405,0.925270568372491,1.34753733642872
244.784333333333,1.11985667583938,0.928625590831307,1.35046781695879
248.232,1.1231123856487,0.93194536125967,1.35349290122821
251.679666666667,1.12638533261758,0.935222689735838,1.35662225848517
255.127333333333,1.12967532351842,0.938450410142191,1.3598655003764
258.575,1.13298216237836,0.941621423350272,1.36323213176304
262.022666666667,1.13630565044343,0.944728743222513,1.36673149884839
265.470333333333,1.13964558614173,0.947765544929397,1.37037273507244
268.918,1.14300176503786,0.950725214864986,1.37416470548243
272.365666666667,1.14637397980097,0.953601401303151,1.37811595051016
275.813333333333,1.14976202016403,0.956388064973016,1.38223462988215
279.261,1.1531656728869,0.959079528395652,1.38652846792504
282.708666666667,1.15658472171996,0.961670523162822,1.39100470098275
286.156333333333,1.16001894736542,0.964156233886777,1.39567002831287
289.604,1.16346812744342,0.966532338018157,1.4005305671948
293.051666666667,1.16693203645173,0.968795040452934,1.40559181337338
296.499333333333,1.17041044573668,0.970941102213819,1.4108586075573
299.947,1.17390312345434,0.972967862555825,1.41633510857794
303.394666666667,1.17740983452896,0.974873253980994,1.42202477376873
306.842333333333,1.18093034063354,0.976655809996954,1.42793034675461
310.29,1.18446440014229,0.978314665474881,1.43405385272788
313.737666666667,1.18801176810461,0.979849549941775,1.44039660092603
317.185333333333,1.19157219620948,0.981260773979254,1.44695919416167
320.633,1.19514543275347,0.982549209485903,1.45374154458771
324.080666666667,1.19873122260678,0.983716264355388,1.46074289520256
327.528333333333,1.20232930719122,0.984763852400555,1.46796184629137
330.976,1.20593942443502,0.985694359506185,1.47539638568617
334.423666666667,1.20956130874952,0.986510606677855,1.48304392240723
337.871333333333,1.2131946910007,0.987215811230008,1.49090132221289
341.319,1.21683929847987,0.987813546598219,1.49896494477539
0,0.94743367375633,0.751469171899442,1.19450085210885
0.0174242424242424,0.948714058668643,0.759211683569311,1.1855170100703
0.0348484848484849,0.949999954386815,0.766540551962818,1.17736747393728
0.0522727272727273,0.951299390896451,0.773370709357393,1.17016395910819
0.0696969696969697,0.952620703379653,0.779625793136244,1.16400228481019
0.0871212121212121,0.953972274176855,0.78524439627489,1.15895523000915
0.104545454545455,0.955362535067955,0.790185553678696,1.15506740051413
0.121969696969697,0.956799970295724,0.79443348666487,1.15235095011055
0.139393939393939,0.95829312033985,0.798000744858812,1.1507830166915
0.156818181818182,0.959850586450803,0.800929052664757,1.15030556732168
0.174242424242424,0.961481035953716,0.803287568581314,1.15082794587659
0.191666666666667,0.963193208333728,0.805168782091664,1.15223190120479
0.209090909090909,0.964995922115602,0.806682720119934,1.15437842719786
0.226515151515152,0.966898082552102,0.807950358915203,1.15711552291179
0.243939393939394,0.968908690137378,0.809097091298235,1.16028602737578
0.261363636363636,0.971036848042229,0.810246845977213,1.16373493452921
0.278787878787879,0.973286744921815,0.811506558008325,1.1673190789307
0.296212121212121,0.975646677520953,0.812935676882893,1.170924670212
0.313636363636364,0.978101699555134,0.814567549919411,1.17446727992944
0.331060606060606,0.980636737923323,0.816418321674911,1.17788685804116
0.348484848484849,0.983236578906704,0.818489762342047,1.18114387568375
0.365909090909091,0.985885856716922,0.820771713481543,1.18421591108636
0.383333333333333,0.988569044430449,0.823244172146259,1.18709465389633
0.400757575757576,0.991270447350289,0.8258790707362,1.18978326804447
0.418181818181818,0.993974198839695,0.82864182337102,1.1922940407953
0.435606060606061,0.996664258675034,0.831492709805959,1.1946462462095
0.453030303030303,0.999324413966183,0.834388160634844,1.196864159229
0.470454545454545,1.00193828269305,0.837281995743198,1.19897516897497
0.487878787878788,1.00448931990575,0.840126653171411,1.20100795516466
0.50530303030303,1.00696082663382,0.84287442851225,1.20299070902507
0.522727272727273,1.00933596154627,0.845478726437786,1.20494939897876
0.540151515151515,1.01159775539985,0.847895307040802,1.206906100591
0.557575757575758,1.01372912830649,0.850083492069608,1.20887742811607
0.575,1.01571290984397,0.852007282020009,1.21087311927397
0.592424242424243,1.01753186202513,0.85363632675934,1.21289483329149
0.609848484848485,1.01916870513091,0.854946691795898,1.21493522284568
0.627272727272727,1.02060614640147,0.855921370291487,1.21697733252964
0.64469696969697,1.02182691156686,0.856550506705178,1.21899436055281
0.662121212121212,1.02281377918526,0.856831319179609,1.22094979895563
0.679545454545455,1.02354961774126,0.856767730856399,1.22279794423523
0.696969696969697,1.02401742544087,0.856369741273797,1.22448474889691
0.714393939393939,1.02420093311243,0.855652774340216,1.22595003820005
0.731818181818182,1.02409488630917,0.854639310658438,1.22714965610063
0.749242424242424,1.02370402131066,0.8533544221041,1.22805940427853
0.766666666666667,1.02303365724896,0.851821136138151,1.22865918613981
0.784090909090909,1.02208933183744,0.850060362143701,1.22893226031789
0.801515151515152,1.02087678713319,0.848090989805365,1.22886509470707
0.818939393939394,1.01940195531163,0.845930005904437,1.2284471992244
0.836363636363636,1.01767094449016,0.843592621139641,1.22767094603127
0.853787878787879,1.01569002463652,0.841092400666165,1.22653138386348
0.871212121212121,1.01346561359568,0.838441393790976,1.22502605136995
0.888636363636364,1.01100426326754,0.835650259672899,1.22315479294559
0.906060606060606,1.00831264596562,0.832728386981818,1.22091957943112
0.923484848484849,1.00539754098577,0.829684006314922,1.21832433520065
0.940909090909091,1.00226582141135,0.826524294794937,1.21537477252086
0.958333333333333,0.998924441180222,0.823255472728735,1.21207823360078
0.975757575757576,0.995380422436671,0.819882892523073,1.2084435404198
0.993181818181818,0.991640843189537,0.816411120269313,1.20448085219279
1.01060606060606,0.987712825296287,0.812844010547001,1.20020153017829
1.0280303030303,0.983603522790697,0.809184775077703,1.19561800943841
1.04545454545455,0.979320110570168,0.805436045901145,1.19074367710242
1.06287878787879,0.974869773456896,0.801599933757433,1.18559275665745
1.08030303030303,0.970259695645435,0.797678082350416,1.18018019778111
1.09772727272727,0.96549705054747,0.793671719144442,1.17452157123695
1.11515151515152,0.960588991043027,0.789581703313487,1.16863296836896
1.13257575757576,0.955542640145731,0.78540857142111,1.1625309047552
1.15,0.950365082088196,0.781152581362804,1.15623222761011
1.16742424242424,0.945063353832161,0.776813755049983,1.14975402656075
1.18484848484849,0.939644437006552,0.772391920257281,1.14311354746339
1.20227272727273,0.934115250275314,0.767886751991228,1.13632810897469
1.21969696969697,0.928482642135529,0.763297813668939,1.12941502164564
1.23712121212121,0.922753384145142,0.75862459831944,1.12239150936782
1.25454545454545,0.916934164578424,0.753866569937564,1.11527463307037
1.2719696969697,0.911031582506234,0.74902320503139,1.10808121664139
1.28939393939394,0.90505214229707,0.744094034309838,1.10082777512961
1.30681818181818,0.899002248534,0.739078684358322,1.09353044536913
1.32424242424242,0.892888201341614,0.733976919050537,1.08620491925873
1.34166666666667,0.886716192116352,0.728788680345341,1.0788663800167
1.35909090909091,0.880492299652791,0.723514128024481,1.07152944181572
1.37651515151515,0.874222486657787,0.718153677843039,1.06420809327828
1.39393939393939,0.867912596643759,0.712708037495713,1.05691564537385
1.41136363636364,0.861568351191801,0.707178239752559,1.04966468430235
1.42878787878788,0.855195347574868,0.701565672093383,1.04246702996658
1.44621212121212,0.848799056730794,0.69587210217344,1.0353337006281
1.46363636363636,0.842384821574554,0.690099698488078,1.0282748843013
1.48106060606061,0.835957855638858,0.68425104567084,1.02129991737052
1.49848484848485,0.829523242031882,0.678329153958083,1.01441727081305
1.51590909090909,0.823085932700753,0.672337462479594,1.00763454428278
1.53333333333333,0.816650747989232,0.666279836184438,1.00095846815745
1.55075757575758,0.81022237647793,0.660160556377152,0.994394913486024
1.56818181818182,0.803805375095319,0.653984305013138,0.987948909598292
1.58560606060606,0.797404169487802,0.647756143074172,0.981624668967011
1.6030303030303,0.791023054637081,0.641481483507154,0.97542561875116
1.62045454545455,0.78466619571317,0.635166059351938,0.969354438307332
1.63787878787879,0.778337629151474,0.628815887801049,0.963413101840724
1.65530303030303,0.772041263942458,0.622437231020222,0.957602925282762
1.67272727272727,0.765780883122649,0.616036554610034,0.951924616433389
1.69015151515152,0.759560145455858,0.609620484606248,0.946378327390954
1.70757575757576,0.753382587293743,0.603195763900119,0.940963708311781
1.725,0.747251624605079,0.596769208914119,0.935679961590123
0,0.984584601187253,0.837035494393442,1.15814304577077
0.0103434343434343,1.00053151301922,0.849740146525106,1.17808169078305
0.0206868686868687,1.01653411686104,0.861504069138961,1.1994622518443
0.031030303030303,1.03238808809252,0.872222170156534,1.2219652296204
0.0413737373737373,1.0479900653348,0.881907956974295,1.24534898268578
0.0517171717171716,1.06332394777324,0.890649315152581,1.26947587414287
0.062060606060606,1.078376558527,0.898536892280889,1.29421063505649
0.0724040404040403,1.0931351581774,0.905657862360025,1.31942152076025
0.0827474747474746,1.10758746622014,0.912093162128356,1.3449832169176
0.093090909090909,1.12172168111716,0.917916084002542,1.37077838793466
0.103434343434343,1.13552649890865,0.923191839862114,1.39669825278819
0.113777777777778,1.14899113035138,0.927977751128875,1.42264253212984
0.124121212121212,1.1621053165561,0.932323798605223,1.44851903253816
0.134464646464646,1.17485934310259,0.936273345433507,1.47424305391964
0.144808080808081,1.18724405261726,0.939863912814596,1.49973673981577
0.155151515151515,1.19925085580384,0.94312793701952,1.52492844151267
0.165494949494949,1.21087174092394,0.946093469516628,1.54975213359975
0.175838383838384,1.22209928172974,0.948784803280211,1.57414689742165
0.186181818181818,1.23292664385659,0.951223021087652,1.59805647617038
0.196525252525252,1.24334758968888,0.953426468714428,1.62142889830783
0.206868686868687,1.25335648171756,0.95541115948198,1.64421616251078
0.217212121212121,1.26294828441256,0.957191118020518,1.66637397597167
0.227555555555555,1.27211856463819,0.958778671297213,1.68786153774949
0.23789898989899,1.28086349064407,0.960184694504638,1.70864135937026
0.248242424242424,1.28917982966803,0.961418818650418,1.72867911568019
0.258585858585858,1.29706494419165,0.962489605836235,1.74794351985671
0.268929292929293,1.30451678689248,0.96340469737193,1.76640621737316
0.279272727272727,1.31153389434043,0.964170939092764,1.78404169453845
0.289616161616161,1.31811537948861,0.964794487558017,1.80082719796835
0.299959595959596,1.32426092301189,0.96528090021202,1.81674266198691
0.31030303030303,1.32997076354856,0.965635212080382,1.8317706415067
0.320646464646464,1.33524568690276,0.965862001145976,1.84589624840513
0.330989898989899,1.34008701426703,0.965965444191236,1.85910708980972
0.341333333333333,1.3444965895258,0.965949364595305,1.87139320703818
0.351676767676767,1.34847676570191,0.965817273327283,1.8827470142188
0.362020202020202,1.35203039060911,0.96557240417194,1.89316323585103
0.372363636363636,1.35516079177401,0.965217744054556,1.90263884276226
0.38270707070707,1.3578717606915,0.964756059191072,1.91117298608048
0.393050505050505,1.36016753647753,0.964189917673282,1.9187669289799
0.403393939393939,1.36205278898304,0.963521709002228,1.92542397606964
0.413737373737373,1.36353260143257,0.96275366100271,1.93114940039085
0.424080808080808,1.36461245265007,0.961887854485125,1.93595036806491
0.434424242424242,1.36529819893398,0.960926235965222,1.93983586069954
0.444767676767676,1.36559605564228,0.959870628705974,1.94281659571125
0.455111111111111,1.36551257854713,0.958722742306984,1.94490494476388
0.465454545454545,1.36505464501713,0.957484181034367,1.9461148505554
0.475797979797979,1.36422943508385,0.956156451056863,1.9464617422097
0.486141414141413,1.36304441244721,0.954740966731059,1.94596244954776
0.496484848484848,1.36150730547294,0.953239056059487,1.94463511652476
0.506828282828282,1.35962608823258,0.951651965429223,1.94249911412611
0.517171717171717,1.35740896163525,0.949980863725112,1.93957495301806
0.527515151515151,1.35486433469749,0.948226845900441,1.93588419624645
0.537858585858585,1.3520008059957,0.946390936078401,1.93144937227251
0.548202020202019,1.34882714534305,0.944474090249804,1.9262938886265
0.558545454545454,1.34535227573062,0.94247719862601,1.92044194644946
0.568888888888888,1.34158525556984,0.940401087700654,1.91391845618039
0.579232323232322,1.337535261271,0.938246522069457,1.90674895463225
0.589575757575757,1.3332115701902,0.936014206053942,1.89895952368333
0.599919191919191,1.32862354397454,0.933704785172255,1.89057671079389
0.610262626262626,1.32378061233275,0.931318847498241,1.8816274515387
0.62060606060606,1.31869225725643,0.928856924948663,1.87213899432806
0.630949494949494,1.31336799771422,0.926319494537547,1.86213882746903
0.641292929292928,1.30781737483912,0.92370697963634,1.85165460869903
0.651636363636363,1.30204993762671,0.921019751278664,1.84071409730363
0.661979797979797,1.29607522915975,0.918258129548859,1.82934508890957
0.672323232323231,1.28990277337256,0.915422385094371,1.81757535302426
0.682666666666666,1.28354206236611,0.912512740802992,1.80543257337239
0.6930101010101,1.27700254428303,0.909529373687317,1.79294429106142
0.703353535353534,1.27029361174939,0.906472417020081,1.78013785058787
0.713696969696969,1.2634245908884,0.903341962765611,1.76704034867878
0.724040404040403,1.25640473090919,0.900138064353975,1.7536785859444
0.734383838383837,1.24924319427214,0.89686073984584,1.74007902130213
0.744727272727272,1.24194904743038,0.89350997553715,1.72626772911625
0.755070707070706,1.23453125214583,0.890085730053475,1.71227035898349
0.76541414141414,1.22699865737613,0.886587938984255,1.69811209808208
0.775757575757575,1.21935999172787,0.883016520106693,1.68381763599047
0.786101010101009,1.21162385647008,0.879371379248025,1.66941113187331
0.796444444444443,1.20379871910039,0.875652416832504,1.65491618392339
0.806787878787878,1.19589290745561,0.87185953515619,1.64035580094496
0.817131313131312,1.18791460435719,0.867992646427657,1.62575237595946
0.827474747474746,1.17987184278111,0.864051681606323,1.61112766171544
0.837818181818181,1.17177250154069,0.860036600061579,1.59650274798609
0.848161616161615,1.16362430147045,0.855947400065629,1.58189804054406
0.858505050505049,1.15543480209821,0.851784130120264,1.56733324171142
0.868848484848484,1.14721139879172,0.847546901102658,1.55282733239354
0.879191919191918,1.13896132036633,0.843235899198191,1.53839855552179
0.889535353535352,1.13069162713892,0.838851399568295,1.52406440084621
0.899878787878787,1.12240920941371,0.834393780679679,1.5098415910417
0.910222222222221,1.11412078638446,0.829863539197083,1.49574606911261
0.920565656565655,1.10583290543816,0.825261305316624,1.48179298710803
0.93090909090909,1.09755194184458,0.820587858390102,1.46799669618575
0.941252525252524,1.08928409881614,0.815844142664098,1.45437073809112
0.951595959595958,1.08103540792252,0.811031282931532,1.44092783814464
0.961939393939393,1.07281172984437,0.806150599868889,1.42767989985847
0.972282828282827,1.06461875545092,0.801203624810774,1.4146380013265
0.982626262626261,1.05646200718554,0.796192113695411,1.40181239355189
0.992969696969696,1.04834684074472,0.791118059902779,1.38921250089335
1.00331313131313,1.04027844703478,0.785983705700497,1.37684692381837
1.01365656565656,1.0322618543923,0.780791552014682,1.36472344415605
1.024,1.0243019310531,0.775544366252329,1.35284903303358
0,0.784613329696957,0.561913647228205,1.09557416904689
0.312858585858586,0.794378766783317,0.574954703712444,1.09754319956271
0.625717171717172,0.804265746236953,0.588193038815221,1.09971276075113
0.938575757575758,0.814275780795791,0.601617293161732,1.10210436888547
1.25143434343434,0.824410402025562,0.61521363850426,1.10474226907641
1.56429292929293,0.834671160554136,0.628965438692018,1.10765378096065
1.87715151515152,0.845059626308776,0.642852884293371,1.11086967090783
2.1900101010101,0.855577388756335,0.656852608556895,1.11442454306353
2.50286868686869,0.866225693410158,0.670936873287292,1.1183570046576
2.81572727272727,0.876987106884909,0.685052027584085,1.12269777283151
3.12858585858586,0.88781578879205,0.699108477203379,1.12746004451488
3.44144444444444,0.898661413483185,0.713010420663715,1.13265151907855
3.75430303030303,0.909471230929145,0.726660011559173,1.13827361727668
4.06716161616162,0.920190073885846,0.739959464034865,1.14431913264663
4.3800202020202,0.93076039730218,0.752813467928486,1.15076968477988
4.69287878787879,0.94112235229362,0.765131764371701,1.15759314046253
5.00573737373737,0.951213896907866,0.776831674428754,1.16474122703094
5.31859595959596,0.960970945750347,0.787840336277345,1.1721475990171
5.63145454545455,0.970327560313023,0.798096405613835,1.17972661909042
5.94431313131313,0.979216181555896,0.807551017466483,1.1873730692943
6.25717171717172,0.987567905923861,0.816167891336346,1.19496292265793
6.5700303030303,0.9953128055401,0.82392256847847,1.2023551954664
6.88288888888889,1.00238029280054,0.830800875051403,1.20939479190213
7.19574747474747,1.00869952900304,0.836796783449486,1.21591616977382
7.50860606060606,1.01419987598269,0.841909881256404,1.22174761378059
7.82146464646465,1.01881138899603,0.846142650985991,1.2267159032091
8.13432323232323,1.02246534830879,0.849497723667679,1.23065119465958
8.44718181818182,1.0250948261043,0.851975210980865,1.23339199188202
8.7600404040404,1.02665084906621,0.853581227370679,1.23481155874888
9.07289898989899,1.02717051179884,0.854372861723926,1.23491663602257
9.38575757575757,1.0267217679584,0.854416845741686,1.23377435036941
9.69861616161616,1.02537534182373,0.85377108510609,1.2314713041488
10.0114747474747,1.02320407338447,0.852486227437885,1.22810966569762
10.3243333333333,1.02028232136569,0.850607213396527,1.22380341818955
10.6371919191919,1.01668541082884,0.848174776715093,1.21867479789418
10.9500505050505,1.01248912908594,0.845226884499625,1.21285095791066
11.2629090909091,1.00776927265604,0.84180011169573,1.20646088400232
11.5757676767677,1.00260124706654,0.837930939745482,1.19963258657654
11.8886262626263,0.997059720467327,0.83365696207782,1.19249059433343
12.2014848484848,0.99121833129049,0.82901797089781,1.18515377805654
12.5143434343434,0.985149449557689,0.824056893301616,1.17773353496916
12.827202020202,0.978923990912395,0.818820542285264,1.17033236282682
13.1400606060606,0.972611282035532,0.813360151358023,1.16304284684142
13.4529191919192,0.96627897578816,0.807731670823553,1.15594707100965
13.7657777777778,0.959993014210409,0.801995818659615,1.149116449102
14.0786363636364,0.953817637387406,0.796217897307916,1.14261195141091
14.3914949494949,0.94781543616529,0.790467406635232,1.1364846842417
14.7043535353535,0.942047446758238,0.784817499634578,1.13077676320537
15.0172121212121,0.936573285425323,0.77934433840289,1.12552241127454
15.3300707070707,0.931451321609068,0.774126411994845,1.12074920979838
15.6429292929293,0.926738888211366,0.769243874738751,1.11647943536101
15.9557878787879,0.92249138218814,0.76477669801345,1.11273049037958
16.2686464646465,0.918731193180791,0.760769301854351,1.10949140990049
16.5815050505051,0.915444677880409,0.757224503747458,1.10672456333909
16.8943636363636,0.912617130665441,0.754141058797059,1.1043955470513
17.2072222222222,0.910234666624965,0.751516101184713,1.10247424775031
17.5200808080808,0.90828416324803,0.749345435570399,1.10093433821906
17.8329393939394,0.906753205544214,0.747623783945402,1.09975283480916
18.145797979798,0.905630034312947,0.746344990977306,1.09890971194929
18.4586565656566,0.904903497302043,0.745502191602126,1.09838756834465
18.7715151515151,0.904563003016918,0.74508794486985,1.09817133945163
19.0843737373737,0.904598476961288,0.745094338004314,1.09824805099505
19.3972323232323,0.905000320107836,0.745513064416897,1.09860660863923
19.7100909090909,0.905759369413685,0.746335479100625,1.09923761934687
20.0229494949495,0.906866860210585,0.747552634483571,1.10013324040567
20.3358080808081,0.908314390313615,0.749155299475326,1.10128705253585
20.6486666666667,0.910093885705089,0.751133964120869,1.10269395389037
20.9615252525253,0.912197567662344,0.75347883199648,1.10435007211056
21.2743838383838,0.914617921209133,0.75617980224998,1.10625269189665
21.5872424242424,0.917347664780828,0.759226443006672,1.10840019579171
21.900101010101,0.920379721003214,0.76260795773419,1.11079201605868
22.2129595959596,0.923707188493846,0.766313146084147,1.11342859565339
22.5258181818182,0.927323314603438,0.770330360705096,1.11631135636404
22.8386767676768,0.931221469022844,0.774647461547702,1.11944267220149
23.1515353535354,0.93539511818882,0.77925176925641,1.12282584608874
23.4643939393939,0.939837800429005,0.78413001935737,1.12646508781685
23.7772525252525,0.944543101793507,0.789268319103219,1.13036549111637
24.0901111111111,0.949504632527012,0.794652109011218,1.13453300754724
24.4029696969697,0.954716004141775,0.800266131318486,1.13897441475215
24.7158282828283,0.960170807057834,0.806094407756941,1.14369727646601
25.0286868686869,0.965862588782774,0.812120229196824,1.14870989155482
25.3415454545455,0.971784832609034,0.818326159790249,1.15402122929936
25.654404040404,0.97793093681222,0.824694058228835,1.15964084818113
25.9672626262626,0.984294194339393,0.831205118573115,1.1655787956087
26.2801212121212,0.990867772981404,0.837839932775178,1.17184548638193
26.5929797979798,0.997644696028603,0.844578576465829,1.17845155826572
26.9058383838384,1.00461782341413,0.851400718789216,1.18540770385609
27.218696969697,1.01177983335401,0.858285756038082,1.19272447897464
27.5315555555556,1.01912320449803,0.865212967595302,1.20041208909867
27.8444141414141,1.02664019860995,0.872161691280278,1.20848015676391
28.1572727272727,1.03432284380051,0.879111513727312,1.21693747437304
28.4701313131313,1.04216291834083,0.886042470014855,1.22579174827417
28.7829898989899,1.05015193508834,0.892935245572059,1.23504934119077
29.0958484848485,1.05828112656175,0.899771372565951,1.24471502093129
29.4087070707071,1.06654143070547,0.90653341265645,1.25479172364753
29.7215656565657,1.07492347738811,0.913205118286616,1.26528033965474
30.0344242424242,1.0834175756833,0.919771565577786,1.27617952894871
30.3472828282828,1.09201370198505,0.926219253369419,1.28748557210943
30.6601414141414,1.10070148901296,0.932536164852876,1.29919226039505
30.973,1.10947021576625,0.938711790409037,1.31129082669351
